Report Date,Route,Time,Day,Location,Incident,Min Delay,Min Gap,Direction,Vehicle
2016-03-01,505,05:00:00,Tuesday,Dundas Route,General Delay,6,12,B/W,
2016-03-01,501,05:03:00,Tuesday,Queen at McCaul,Emergency Services,307,312,B/W,4041
2016-03-01,510,05:07:00,Tuesday,Union Stn,Held By,313,317,W/B,4414
2016-03-01,510,05:07:00,Tuesday,Spadina Route,General Delay,0,0,B/W,
2016-03-01,505,05:07:00,Tuesday,Dundas and River,Held By,313,319,W/B,4115
2016-03-01,505,05:07:00,Tuesday,Dundas and Munro,Held By,308,314,W/B,4024
2016-03-01,505,05:12:00,Tuesday,Dundas and University,Held By,308,314,W/B,4191
2016-03-01,506,05:36:00,Tuesday,Roncesvalles and Queen,Late Leaving Garage,7,12,E/B,4023
2016-03-01,501,05:38:00,Tuesday,Roncesvalles and Queen,Mechanical,21,11,W/B,4242
2016-03-01,501,05:45:00,Tuesday,Roncesvalles and Queen,Mechanical,8,20,W/B,4100
2016-03-01,511,06:26:00,Tuesday,Lakeshore / Bathurst,Mechanical,5,10,E/B,4065
2016-03-01,506,08:00:00,Tuesday,College and Yonge,General Delay,10,15,B/W,
2016-03-01,501,10:42:00,Tuesday,Lakeshore at Legion Rd,Investigation,10,20,W/B,4017
2016-03-01,501,12:49:00,Tuesday,Queen at Brock,Mechanical,5,10,E/B,4237
2016-03-01,509,14:01:00,Tuesday,Fleet Loop,Utilized Off Route,4,8,E/B,4080
2016-03-01,535,14:04:00,Tuesday,Roncesvalles Traffic Office.,Utilized Off Route,1,2,W/B,4067
2016-03-01,509,14:09:00,Tuesday,Fleet Loop,Utilized Off Route,4,8,E/B,4061
2016-03-01,505,15:51:00,Tuesday,Dundas at Broadview,General Delay,36,42,E/B,4115
2016-03-01,501,16:09:00,Tuesday,Humber Loop,Mechanical,5,11,E/B,4245
2016-03-01,505,16:39:00,Tuesday,Dundas at Sackville,Investigation,1,6,E/B,4127
2016-03-01,511,16:40:00,Tuesday,Bathurst Stn,Mechanical,6,12,N/B,4068
2016-03-01,504,17:01:00,Tuesday,Broadview and Withrow,Utilized Off Route,18,22,S/B,4047
2016-03-01,505,17:02:00,Tuesday,Braodview at Withrow,Mechanical,18,24,W/B,4020
2016-03-01,504,17:16:00,Tuesday,Sumach-Spadina,Emergency Services,0,302,W/B,4076
2016-03-01,501,17:16:00,Tuesday,Humber Loop,Mechanical,5,10,E/B,4210
2016-03-01,511,17:30:00,Tuesday,Bathurst Stn,Utilized Off Route,6,12,N/B,4131
2016-03-01,510,17:58:00,Tuesday,Spadina at Sullivan,Mechanical,6,10,N/B,4411
2016-03-01,505,18:41:00,Tuesday,Broadview Stn,Mechanical,6,12,W/B,4108
2016-03-01,504,18:43:00,Tuesday,Roncesvalles and Queen,Investigation,10,15,S/B,4076
2016-03-01,505,18:52:00,Tuesday,Dundas at Bay,Mechanical,14,20,E/B,4191
2016-03-01,509,19:00:00,Tuesday,Fleet Loop to UNION STN,General Delay,15,20,B/W,
2016-03-01,506,19:00:00,Tuesday,HIPK Loop to MAIN STN,General Delay,15,21,B/W,
2016-03-01,506,21:24:00,Tuesday,MAIN STN,Mechanical,7,14,W/B,4089
2016-03-01,510,22:02:00,Tuesday,Queen's Quay at Spadina,Investigation,22,30,N/B,4412
2016-03-01,511,22:02:00,Tuesday,Bathurst & Dundas,Mechanical,7,14,S/B,4175
2016-03-01,509,22:02:00,Tuesday,Queens Quay and Spadina,Held By,21,29,W/B,4161
2016-03-01,505,22:06:00,Tuesday,Dundas at Church,Mechanical,8,15,E/B,4024
2016-03-01,512,22:09:00,Tuesday,St Clair & Tweedsmuir,Held By,11,17,W/B,4027
2016-03-02,510,00:17:00,Wednesday,Spadina at Dundas,Held By,20,29,S/B,4409
2016-03-02,509,00:40:00,Wednesday,Fleet Loop,Held By,5,13,E/B,4408
2016-03-02,301,01:00:00,Wednesday,Queen Neville loop to longbranch,General Delay,30,40,B/W,4180
2016-03-02,512,04:44:00,Wednesday,St Clair Station,Mechanical,5,10,W/B,4189
2016-03-02,512,05:01:00,Wednesday,St clair station,Mechanical,5,10,W/B,4179
2016-03-02,504,05:06:00,Wednesday,Queen and king,Mechanical,10,15,W/B,4025
2016-03-02,501,05:09:00,Wednesday,Queen and Connaught,Mechanical,7,14,E/B,4201
2016-03-02,512,05:13:00,Wednesday,St clair station,Mechanical,5,10,W/B,4170
2016-03-02,512,05:18:00,Wednesday,St clair station,Mechanical,5,10,W/B,4165
2016-03-02,501,05:25:00,Wednesday,Roncesevalle and Queen,Mechanical,12,18,W/B,4188
2016-03-02,501,05:25:00,Wednesday,Roncesevalle and queen,Mechanical,10,15,W/B,4244
2016-03-02,501,05:44:00,Wednesday,Queen and Connaught,Mechanical,7,14,E/B,4122
2016-03-02,501,05:55:00,Wednesday,Roncesevalle and Queen,Mechanical,10,16,W/B,4216
2016-03-02,512,05:56:00,Wednesday,St clair station,Mechanical,5,10,W/B,4143
2016-03-02,512,05:59:00,Wednesday,St clair station,Mechanical,5,10,W/B,4143
2016-03-02,501,06:00:00,Wednesday,Humber Loop,Mechanical,10,20,W/B,4087
2016-03-02,511,06:00:00,Wednesday,King and Roncesevalle,Mechanical,5,10,E/B,4098
2016-03-02,504,06:12:00,Wednesday,Broadview and Queen,Late Leaving Garage,4,8,W/B,4003
2016-03-02,504,06:20:00,Wednesday,Broadview Stn,Mechanical,4,8,E/B,4096
2016-03-02,510,06:24:00,Wednesday,Queensquay and Lower Simcoe,Mechanical,9,18,E/B,4416
2016-03-02,535,06:26:00,Wednesday,Roncesevalle and queen,Mechanical,5,10,W/B,4163
2016-03-02,501,06:28:00,Wednesday,Queen at Connaught,Mechanical,5,10,W/B,4240
2016-03-02,501,06:32:00,Wednesday,Queen and Connaught,Mechanical,7,14,E/B,4072
2016-03-02,504,06:35:00,Wednesday,King and Roncesevalle,Late Leaving Garage,4,8,W/B,4040
2016-03-02,504,06:39:00,Wednesday,Queen and Broadview,Mechanical,4,8,W/B,4127
2016-03-02,504,06:41:00,Wednesday,Queen and Broadview,Mechanical,4,8,W/B,4029
2016-03-02,506,06:44:00,Wednesday,Haword park and Roncesevalle,Mechanical,8,12,E/B,4101
2016-03-02,506,06:45:00,Wednesday,Coxwell and Lower Gerrard,Mechanical,5,10,W/B,4180
2016-03-02,504,07:00:00,Wednesday,Bay-Spadina,General Delay,8,20,W/B,
2016-03-02,504,07:20:00,Wednesday,King/Spadina,Mechanical,20,24,E/B,4010
2016-03-02,506,07:24:00,Wednesday,howard Park and Roncesvalles,Mechanical,4,8,E/B,4193
2016-03-02,504,07:26:00,Wednesday,King/Spadina,Mechanical,16,20,E/B,4196
2016-03-02,501,07:51:00,Wednesday,Queen at Shaw,Mechanical,5,10,E/B,4061
2016-03-02,506,08:04:00,Wednesday,carlton and Sherbourne,Emergency Services,15,19,W/B,4076
2016-03-02,504,08:10:00,Wednesday,King/York,Mechanical,4,8,E/B,4043
2016-03-02,506,08:26:00,Wednesday,Carlton and Church,Investigation,4,8,W/B,4026
2016-03-02,504,08:44:00,Wednesday,King/Portland,Mechanical,4,8,E/B,1038
2016-03-02,501,10:50:00,Wednesday,Queen at Connaught,Mechanical,5,10,E/B,4016
2016-03-02,505,10:51:00,Wednesday,Dundas West Stn,Mechanical,6,12,E/B,4069
2016-03-02,504,13:05:00,Wednesday,Broadview and Queen Street,Mechanical,4,8,E/B,4003
2016-03-02,512,13:59:00,Wednesday,St. Clair West Station To Gunn's,Mechanical,4,8,E/B,4179
2016-03-02,509,14:01:00,Wednesday,Fleet Loop,Utilized Off Route,4,8,E/B,4173
2016-03-02,504,14:03:00,Wednesday,Broadview and Queen Street to Broadview Stn,Late Leaving Garage,4,8,N/B,412
2016-03-02,535,14:04:00,Wednesday,Roncesvalles Traffic Office.,Utilized Off Route,1,2,W/B,4105
2016-03-02,509,14:09:00,Wednesday,Fleet Loop,Utilized Off Route,4,8,E/B,4074
2016-03-02,512,14:58:00,Wednesday,Bathurst & St Clair,Late Leaving Garage,2,5,E/B,4185
2016-03-02,509,15:01:00,Wednesday,Fleet Loop,Mechanical,4,8,E/B,4119
2016-03-02,502,15:21:00,Wednesday,Kingston at Malvern ave,Mechanical,10,20,W/B,8136
2016-03-02,504,15:26:00,Wednesday,Eglinton Garage,Mechanical,4,8,S/B,7528
2016-03-02,501,15:34:00,Wednesday,Neville Loop,Investigation,5,10,W/B,4204
2016-03-02,501,15:46:00,Wednesday,Humber Loop.,Mechanical,10,20,W/B,4039
2016-03-02,504,15:51:00,Wednesday,Broadbview Stn - Sunny side,Late Leaving Garage,4,6,B/W,0
2016-03-02,501,15:58:00,Wednesday,Queen at Berkshire,Emergency Services,7,12,E/B,4222
2016-03-02,506,15:59:00,Wednesday,College and Dufferin,Mechanical,5,10,E/B,4141
2016-03-02,501,16:22:00,Wednesday,Queen at Peter,Investigation,23,38,B/W,4207
2016-03-02,501,16:42:00,Wednesday,Queen at Parliament,Mechanical,10,15,W/B,4214
2016-03-02,501,16:59:00,Wednesday,Neville Loop,Held By,10,15,W/B,4021
2016-03-02,504,17:18:00,Wednesday,Roncy Garage,Mechanical,4,8,E/B,4077
2016-03-02,510,17:20:00,Wednesday,dundas/spadina,Mechanical,7,12,N/B,4407
2016-03-02,504,17:23:00,Wednesday,Roncy and Queen,Mechanical,4,8,N/B,4136
2016-03-02,512,17:25:00,Wednesday,St Clair & Lansdowne,Mechanical,8,12,W/B,4052
2016-03-02,504,17:40:00,Wednesday,Broadview Stn,Mechanical,4,8,E/B,7633
2016-03-02,512,17:52:00,Wednesday,St Clair West Stn,Mechanical,4,7,E/B,4176
2016-03-02,504,18:03:00,Wednesday,DWS to Queen Street,Mechanical,4,8,S/B,4048
2016-03-02,512,18:24:00,Wednesday,St Clair West Stn,Mechanical,3,7,W/B,4153
2016-03-02,506,18:48:00,Wednesday,Coxwell and Gerrard,Mechanical,5,10,W/B,4086
2016-03-02,506,19:25:00,Wednesday,Gerrard and Coxwell,Mechanical,5,10,W/B,4093
2016-03-02,501,20:05:00,Wednesday,Humber Loop.,Mechanical,12,24,W/B,4023
2016-03-02,501,20:30:00,Wednesday,Humber Loop.,Mechanical,16,32,W/B,4188
2016-03-02,505,20:35:00,Wednesday,bathurst/dundas,Mechanical,7,14,E/B,4139
2016-03-02,504,20:51:00,Wednesday,Dundas West Station to Broadview Station,General Delay,25,30,B/W,4132
2016-03-02,501,21:00:00,Wednesday,Queen longbranch to Neville loop,General Delay,30,38,B/W,4223
2016-03-02,504,21:01:00,Wednesday,Roncesvalles and Queen Street West,Mechanical,4,8,W/B,4085
2016-03-02,511,22:00:00,Wednesday,Bathurst station to flrrt loop,General Delay,20,30,B/W,4223
2016-03-02,506,23:34:00,Wednesday,MAIN STN,Mechanical,8,16,W/B,4137
2016-03-03,505,00:30:00,Thursday,beverly/dundas,Held By,18,28,E/B,4002
2016-03-03,306,01:08:00,Thursday,Main Street Station,Mechanical,8,16,W/B,4157
2016-03-03,512,04:04:00,Thursday,Bathurst and St.Clair,Mechanical,0,15,W/B,4152
2016-03-03,506,04:54:00,Thursday,College and Clinton,Investigation,41,47,E/B,4046
2016-03-03,504,05:15:00,Thursday,Roncesvalles and Queen,Mechanical,4,8,W/B,4037
2016-03-03,504,05:28:00,Thursday,Queen and Connaught,Mechanical,18,8,W/B,4004
2016-03-03,504,05:35:00,Thursday,Queen and Connaught,Mechanical,13,8,W/B,4163
2016-03-03,505,05:47:00,Thursday,Dundas and Denison,Held By,32,38,E/B,4066
2016-03-03,510,05:50:00,Thursday,Queen and Connaught,Mechanical,11,8,W/B,4216
2016-03-03,501,05:51:00,Thursday,Roncesvalles and Queen,Mechanical,10,20,W/B,4023
2016-03-03,501,05:52:00,Thursday,Queen and Connaught,Mechanical,9,10,E/B,4000
2016-03-03,506,05:53:00,Thursday,Queen and Connaught,Mechanical,6,14,E/B,4135
2016-03-03,506,05:57:00,Thursday,Queen and Connaught,Mechanical,12,14,E/B,4046
2016-03-03,505,05:59:00,Thursday,Dundas and Spadina,Held By,174,180,E/B,4126
2016-03-03,501,06:05:00,Thursday,Roncesvalles and Queen,Mechanical,5,10,W/B,4147
2016-03-03,506,06:09:00,Thursday,Queen and Connaught,Mechanical,7,14,E/B,4010
2016-03-03,510,06:09:00,Thursday,Queen and Connaught,Mechanical,12,8,W/B,4221
2016-03-03,501,06:10:00,Thursday,Queen and Connaught,Mechanical,22,10,E/B,4246
2016-03-03,511,06:10:00,Thursday,Bathurst and King,Mechanical,5,10,N/B,4078
2016-03-03,501,06:17:00,Thursday,Queen and Connaught,Mechanical,9,10,E/B,4242
2016-03-03,509,06:20:00,Thursday,Queen and Connaught,Mechanical,18,10,W/B,4080
2016-03-03,501,06:22:00,Thursday,Queen and Connaught,Mechanical,11,10,E/B,4204
2016-03-03,506,06:25:00,Thursday,Queen and Connaught,Mechanical,6,14,W/B,4029
2016-03-03,511,06:32:00,Thursday,King and Bathurst,Mechanical,5,10,N/B,4198
2016-03-03,505,06:35:00,Thursday,Broadview Stn,Mechanical,6,12,W/B,4017
2016-03-03,501,06:41:00,Thursday,Queen and Connaught,Mechanical,12,10,E/B,4207
2016-03-03,506,06:42:00,Thursday,Howard park and Roncesvalles,Mechanical,5,10,E/B,4189
2016-03-03,505,06:49:00,Thursday,Roncesvalles and Dundas,Mechanical,5,10,E/B,4060
2016-03-03,503,06:51:00,Thursday,Bingham Loop,Mechanical,12,24,W/B,8122
2016-03-03,504,07:04:00,Thursday,Roncesvalles and Queen,Mechanical,4,8,E/B,4049
2016-03-03,511,07:22:00,Thursday,Dundas To Fleet Loop,Mechanical,5,10,S/B,4078
2016-03-03,506,07:24:00,Thursday,Howard Park and Roncesvalles,Mechanical,4,8,E/B,4134
2016-03-03,504,07:26:00,Thursday,Queen/Kingston rd,Late Leaving Garage,12,20,E/B,8134
2016-03-03,501,07:33:00,Thursday,Queen and Connaught,Mechanical,5,10,W/B,4210
2016-03-03,504,07:59:00,Thursday,Roncesvalles/Howard Park,Mechanical,4,8,W/B,4156
2016-03-03,506,08:03:00,Thursday,Gerrard and Coxwell,Mechanical,4,8,E/B,4046
2016-03-03,504,08:08:00,Thursday,King/Victoria,Mechanical,4,8,E/B,4042
2016-03-03,504,08:52:00,Thursday,King/Fraser,Mechanical,4,8,W/B,4139
2016-03-03,504,10:16:00,Thursday,Roncesvalles/Queen,Mechanical,4,8,W/B,4141
2016-03-03,504,10:55:00,Thursday,King/Spadina,Mechanical,4,8,W/B,4037
2016-03-03,511,11:15:00,Thursday,Bathrust St.  To Fleet Loop,Held By,5,10,S/B,
2016-03-03,509,11:22:00,Thursday,Fleet and Grand Megazine St,Emergency Services,40,46,W/B,4129
2016-03-03,506,11:35:00,Thursday,College and Lansdown,Mechanical,6,12,E/B,4072
2016-03-03,501,14:02:00,Thursday,Queen and Roncesvalles,Mechanical,5,10,W/B,4205
2016-03-03,535,14:04:00,Thursday,Roncesvalles Traffic Office.,Utilized Off Route,1,2,W/B,4110
2016-03-03,511,14:36:00,Thursday,Bathurst & King,Mechanical,3,5,N/B,4059
2016-03-03,504,14:48:00,Thursday,DWS,Mechanical,4,8,S/B,4181
2016-03-03,504,15:22:00,Thursday,Russell Yard,Mechanical,4,6,W/B,4001
2016-03-03,504,15:33:00,Thursday,Shaw Street,Mechanical,4,8,E/B,4167
2016-03-03,504,15:39:00,Thursday,Russell Yard,Mechanical,4,6,W/B,4025
2016-03-03,506,17:19:00,Thursday,JIPK Loop,Mechanical,5,10,E/B,4169
2016-03-03,509,17:26:00,Thursday,CNE Loop,Diversion,125,131,E/B,1685
2016-03-03,501,20:09:00,Thursday,Queen and Spadina,Mechanical,41,46,E/B,4080
2016-03-03,504,20:12:00,Thursday,King Street and Ontario Street,Mechanical,4,8,W/B,4020
2016-03-03,505,20:15:00,Thursday,broadview station,Mechanical,7,14,W/B,4144
2016-03-03,509,22:32:00,Thursday,Queens Quay and Lower Simcoe,Held By,37,45,E/B,4146
2016-03-03,510,22:33:00,Thursday,lower simco/queens quay,Investigation,7,15,E/B,4408
2016-03-03,506,23:01:00,Thursday,HIPK Loop,Emergency Services,16,25,E/B,4158
2016-03-04,504,04:51:00,Friday,Queen/Broadview,Late Leaving Garage,0,15,E/B,4124
2016-03-04,501,05:19:00,Friday,Queen and Connaught,Mechanical,6,11,E/B,4011
2016-03-04,506,05:36:00,Friday,Gerrard and Coxwell,Mechanical,8,14,E/B,4014
2016-03-04,501,05:39:00,Friday,Queen and Connaught,Mechanical,8,11,E/B,4108
2016-03-04,504,05:55:00,Friday,Roncesvalles and Queen,Mechanical,4,8,W/B,4032
2016-03-04,501,05:55:00,Friday,Roncesvalles and Queen,Mechanical,5,10,E/B,4235
2016-03-04,509,05:55:00,Friday,Bathurst and Queens Quay,Mechanical,11,10,W/B,4129
2016-03-04,506,05:59:00,Friday,Gerrard and Coxwell,Mechanical,8,14,E/B,4024
2016-03-04,504,06:00:00,Friday,Roncesvalles and Queen,Held By,4,8,W/B,4114
2016-03-04,504,06:01:00,Friday,Roncesvalles and Queen,Held By,4,8,W/B,4166
2016-03-04,509,06:10:00,Friday,Bathurst and Queens Quay,Mechanical,6,10,W/B,4066
2016-03-04,511,06:10:00,Friday,King and Bathurst,Held By,4,8,E/B,4082
2016-03-04,501,06:11:00,Friday,Queen and Connaught,Mechanical,6,11,E/B,4201
2016-03-04,511,06:13:00,Friday,King and Bathurst,Held By,4,8,S/B,4059
2016-03-04,509,06:20:00,Friday,Bathurst and Queens Quay,Late Leaving Garage,16,1,W/B,4111
2016-03-04,511,06:22:00,Friday,King and Bathurst,Mechanical,4,8,S/B,4171
2016-03-04,501,06:32:00,Friday,Queen and Connaught,Mechanical,7,11,E/B,4167
2016-03-04,501,06:37:00,Friday,Queen at Jarvis,Held By,23,28,E/B,4240
2016-03-04,501,06:41:00,Friday,Queen and Connaught,Mechanical,5,11,E/B,4073
2016-03-04,506,06:45:00,Friday,Gerrard and Coxwell,Mechanical,8,14,E/B,4117
2016-03-04,506,06:49:00,Friday,Gerrard and Coxwell,Held By,6,14,E/B,4047
2016-03-04,501,07:12:00,Friday,Roncesvalles and Queen,Mechanical,5,10,E/B,4205
2016-03-04,506,07:24:00,Friday,Upper Gerrard and Bowmore,Investigation,41,45,W/B,4079
2016-03-04,510,07:42:00,Friday,Spadina @ Richmond,Held By,6,9,B/W,4403
2016-03-04,504,07:50:00,Friday,Groadview/Gerrard,Mechanical,4,8,W/B,1044
2016-03-04,501,08:43:00,Friday,Queen at Lansdowne,Mechanical,32,37,E/B,4240
2016-03-04,501,09:02:00,Friday,Queen at Carlaw,Utilized Off Route,13,18,E/B,4000
2016-03-04,504,09:20:00,Friday,Broadview/Queen,Mechanical,4,8,E/B,7568
2016-03-04,504,10:23:00,Friday,Roncesvalles/Queen,Mechanical,4,8,E/B,4060
2016-03-04,504,10:53:00,Friday,King/Portland,Investigation,7,11,E/B,4032
2016-03-04,506,12:32:00,Friday,Gerrard and Coxwell,Mechanical,6,12,E/B,4095
2016-03-04,510,13:55:00,Friday,Union Stn-Platform Level,Held By,4,7,W/B,4207
2016-03-04,512,14:05:00,Friday,Bathurst & St Clair,Mechanical,4,7,E/B,4181
2016-03-04,501,14:17:00,Friday,Queen and Jarvis,Held By,177,182,B/W,4205
2016-03-04,504,15:23:00,Friday,Broadview/Queen,Late Leaving Garage,4,8,W/B,4135
2016-03-04,504,15:31:00,Friday,Broadview/Queen,Late Leaving Garage,4,8,W/B,4011
2016-03-04,504,15:31:00,Friday,Roncesvalles/Queen,Late Leaving Garage,4,8,W/B,4132
2016-03-04,504,15:32:00,Friday,Broadview stn,Mechanical,4,8,E/B,7410
2016-03-04,501,15:53:00,Friday,Humber Loop,Mechanical,5,10,E/B,4141
2016-03-04,512,15:56:00,Friday,Bathurst & Lennox,Investigation,56,62,S/B,4082
2016-03-04,505,16:00:00,Friday,Dundas and Howard Park,Mechanical,6,12,W/B,4195
2016-03-04,506,16:19:00,Friday,Carlton and Ontario,Held By,11,16,W/B,4145
2016-03-04,512,17:17:00,Friday,St Clair & Vaughan.,Held By,7,11,W/B,4165
2016-03-04,504,17:41:00,Friday,Dundas W. Stn,Mechanical,4,8,E/B,4166
2016-03-04,509,18:09:00,Friday,CNE,Mechanical,6,12,E/B,8346
2016-03-04,505,18:22:00,Friday,dundas west station,Mechanical,14,21,W/B,4176
2016-03-04,501,18:24:00,Friday,Queen and Strachan,Investigation,19,24,W/B,4246
2016-03-04,512,18:54:00,Friday,St Clair Stn,Mechanical,4,7,W/B,4085
2016-03-04,506,19:55:00,Friday,Coxwell and Gerrard,Held By,5,10,N/B,4102
2016-03-04,506,20:40:00,Friday,MAIN STN,Mechanical,5,10,W/B,4038
2016-03-04,506,21:03:00,Friday,MAIN STN,Mechanical,5,10,W/B,4090
2016-03-04,501,21:25:00,Friday,Lake Shore Blvd and 37th St.,Held By,20,30,W/B,4075
2016-03-04,501,23:30:00,Friday,Queen St. West and Ossington Rd.,Investigation,3,12,E/B,4228
2016-03-05,501,00:46:00,Saturday,Humber Loop,Mechanical,9,18,W/B,4073
2016-03-05,301,03:00:00,Saturday,Queen St. West and Peter St.,Held By,13,43,W/B,4022
2016-03-05,505,05:26:00,Saturday,Broadview Station,Mechanical,10,0,S/B,4061
2016-03-05,509,05:43:00,Saturday,Spadina & Queens Quay,Late Leaving Garage,5,10,W/B,4133
2016-03-05,504,05:46:00,Saturday,Broadview Station,Utilized Off Route,9,17,S/B,4052
2016-03-05,501,05:52:00,Saturday,Roncesvalles and Queen,Mechanical,10,20,W/B,4223
2016-03-05,501,05:54:00,Saturday,Queen & Connaught,Late Leaving Garage,7,14,7,4215
2016-03-05,511,06:02:00,Saturday,King and Bathurst,Mechanical,7,14,E/B,4170
2016-03-05,506,07:50:00,Saturday,Gerrard and Broadview,Mechanical,7,15,E/B,4131
2016-03-05,501,08:04:00,Saturday,Queen at Roncesvalles,Mechanical,7,15,W/B,4241
2016-03-05,506,08:04:00,Saturday,Howard Park and Roncesvalles,Mechanical,3,7,E/B,4078
2016-03-05,504,08:53:00,Saturday,Roncy Yard,Mechanical,5,11,N/B,4060
2016-03-05,504,09:04:00,Saturday,Roncy Yard,Mechanical,5,11,N/B,4032
2016-03-05,506,09:32:00,Saturday,Gerrard & Coxwell,Late Leaving Garage,7,14,E/B,4167
2016-03-05,506,09:36:00,Saturday,Main Stn,Mechanical,8,14,W/B,4096
2016-03-05,506,10:02:00,Saturday,College and Bathurst,Mechanical,7,13,E/B,4084
2016-03-05,504,10:20:00,Saturday,Bathurst and King,Held By,10,15,W/B,4004
2016-03-05,505,11:15:00,Saturday,Russell Yard,Mechanical,5,10,W/B,4040
2016-03-05,505,11:32:00,Saturday,Roncesvalles Yard,Late Leaving Garage,5,15,N/B,4047
2016-03-05,506,12:18:00,Saturday,Gerrard and Broadview,Mechanical,6,13,W/B,4168
2016-03-05,505,12:31:00,Saturday,Dundas @ Bathurst,Held By,3,9,E/B,4047
2016-03-05,506,14:19:00,Saturday,Main St and Upper Gerrard,Emergency Services,19,25,W/B,4058
2016-03-05,512,14:21:00,Saturday,St Clair and Winona,Investigation,69,73,E/B,4148
2016-03-05,501,14:26:00,Saturday,Queen at Connaught,Mechanical,5,10,W/B,4205
2016-03-05,511,14:59:00,Saturday,Bathurst and Fleet,Investigation,41,46,S/B,4157
2016-03-05,510,15:27:00,Saturday,nassau/spadina,Investigation,25,30,S/B,4414
2016-03-05,505,15:50:00,Saturday,dundas/spadina,Investigation,6,12,E/B,4076
2016-03-05,510,17:25:00,Saturday,charlotte/ king,Investigation,5,10,N/B,4400
2016-03-05,506,19:44:00,Saturday,Main Station,Emergency Services,20,25,W/B,4068
2016-03-05,501,20:09:00,Saturday,Queen at Parliament,Mechanical,22,28,E/B,4219
2016-03-05,501,23:57:00,Saturday,Shaw St. to Roncesvalles Ave.,Diversion,328,328,B/W,
2016-03-06,505,05:23:00,Sunday,Russell Yard,Late Leaving Garage,10,20,W/B,4091
2016-03-06,505,05:23:00,Sunday,Dundas and Broadview,Late Leaving Garage,10,20,W/B,4091
2016-03-06,504,05:42:00,Sunday,Roncesvalles and Queen,Mechanical,9,18,W/B,4101
2016-03-06,505,05:43:00,Sunday,Dundas and Broadview,Late Leaving Garage,10,20,W/B,4164
2016-03-06,501,05:52:00,Sunday,Queen and Roncesavalles,Late Leaving Garage,5,11,W/B,4222
2016-03-06,501,08:01:00,Sunday,Queensway and Roncesvalles,Investigation,8,16,E/B,4251
2016-03-06,511,08:23:00,Sunday,Roncy Yard,Late Leaving Garage,9,17,E/B,4035
2016-03-06,506,08:38:00,Sunday,College and Howard Park Ave,Mechanical,5,10,W/B,4156
2016-03-06,512,09:53:00,Sunday,St Clair West and Oakwood,Investigation,5,11,W/B,4144
2016-03-06,510,10:43:00,Sunday,Spadina @ Bremner,Investigation,4,11,N/B,4410
2016-03-06,506,11:35:00,Sunday,College and Heron,Mechanical,17,22,W/B,4040
2016-03-06,506,12:38:00,Sunday,College and Howard Park,Mechanical,5,10,W/B,4169
2016-03-06,501,12:52:00,Sunday,Queen at Roncesvalles,Mechanical,5,10,W/B,4168
2016-03-06,501,13:07:00,Sunday,Queensway at roncesvalles,Mechanical,5,10,W/B,4245
2016-03-06,501,13:14:00,Sunday,Queen at Roncesvalles,Mechanical,5,10,W/B,4168
2016-03-06,504,13:31:00,Sunday,King st E and Parliament,Investigation,5,11,W/B,4044
2016-03-06,501,14:19:00,Sunday,Queen at Sumach,Held By,23,29,E/B,4228
2016-03-06,505,15:10:00,Sunday,Dundas @ Bathurst,Mechanical,6,12,W/B,4105
2016-03-06,506,18:43:00,Sunday,Lansdowne,Mechanical,8,16,E/B,4176
2016-03-06,504,19:29:00,Sunday,Dundas West Station,Mechanical,6,11,E/B,4101
2016-03-06,506,23:02:00,Sunday,Main Station,Emergency Services,7,15,B/W,4048
2016-03-07,501,05:14:00,Monday,Russell Yard,Late Leaving Garage,5,10,E/B,4232
2016-03-07,512,05:14:00,Monday,Roncesvalles Carhouse.,Mechanical,4,8,W/B,4195
2016-03-07,512,05:18:00,Monday,Roncesvalles Carhouse.,Mechanical,4,8,E/B,4089
2016-03-07,512,05:28:00,Monday,Roncesvalles Carhouse.,Mechanical,3,6,W/B,4020
2016-03-07,512,05:32:00,Monday,Roncesvalles Carhouse.,Mechanical,3,6,E/B,4159
2016-03-07,504,05:37:00,Monday,Roncesvalles Carhouse.,Mechanical,4,8,W/B,4099
2016-03-07,506,05:39:00,Monday,Russell Yard,Late Leaving Garage,6,12,W/B,4133
2016-03-07,501,05:55:00,Monday,Roncesvalles Carhouse.,Late Leaving Garage,5,10,W/B,4222
2016-03-07,509,06:00:00,Monday,Fleet at Bathurst,Utilized Off Route,4,8,B/W,4043
2016-03-07,504,06:10:00,Monday,Dundas West Station,Mechanical,31,4,W/B,4185
2016-03-07,509,06:20:00,Monday,Fleet and Bathurst,Utilized Off Route,4,8,B/W,4103
2016-03-07,506,06:25:00,Monday,Russell Yard,Late Leaving Garage,2,4,W/B,4090
2016-03-07,504,06:25:00,Monday,Roncesvalles Carhouse.,Mechanical,4,8,W/B,4168
2016-03-07,511,06:33:00,Monday,King St. To Fleet St.,Mechanical,5,10,S/B,4241
2016-03-07,502,06:46:00,Monday,Queen at Leslie,Emergency Services,17,29,W/B,7790
2016-03-07,504,06:47:00,Monday,Russell Yard,Late Leaving Garage,4,8,N/B,4145
2016-03-07,506,06:59:00,Monday,Russell Yard,Late Leaving Garage,4,8,N/B,4140
2016-03-07,501,07:00:00,Monday,Queen and Connaught,Mechanical,5,10,W/B,4223
2016-03-07,504,07:11:00,Monday,Broadview at Queen,Utilized Off Route,4,8,B/W,4052
2016-03-07,504,07:15:00,Monday,Queen and Broadview,Utilized Off Route,4,8,B/W,4098
2016-03-07,504,07:24:00,Monday,Queen and Roncevalles,Mechanical,4,8,E/B,4145
2016-03-07,502,08:49:00,Monday,Queen at River,Mechanical,10,20,W/B,7718
2016-03-07,501,11:14:00,Monday,Humber Loop,Mechanical,5,10,E/B,4208
2016-03-07,7,11:45:00,Monday,Broadview Station,Mechanical,4,8,W/B,4125
2016-03-07,504,11:50:00,Monday,Queen and Broadview,Mechanical,5,10,W/B,4125
2016-03-07,506,15:22:00,Monday,Gerrard and Jones,Investigation,20,24,E/B,4014
2016-03-07,506,15:58:00,Monday,Russell,Investigation,4,8,E/B,4014
2016-03-07,503,16:29:00,Monday,King and Bay,Investigation,12,24,E/B,7870
2016-03-07,506,16:51:00,Monday,Eastbound at Marjory Ave,General Delay,3,7,E/B,4084
2016-03-07,512,17:25:00,Monday,St Clair West Stn,Mechanical,4,8,E/B,4168
2016-03-07,512,18:14:00,Monday,St Clair West Stn,Mechanical,4,8,W/B,4181
2016-03-07,504,21:36:00,Monday,Dundas West Station Loop,Investigation,10,14,E/B,4018
2016-03-07,510,23:15:00,Monday,Spadina at Wellington,Held By,37,45,N/B,4408
2016-03-08,504,00:12:00,Tuesday,Dundas West Station Loop,Investigation,12,17,E/B,4011
2016-03-08,505,00:12:00,Tuesday,Dundas at Brock,Investigation,29,39,W/B,4068
2016-03-08,511,00:25:00,Tuesday,Bathurst station,Mechanical,6,12,N/B,4189
2016-03-08,504,01:36:00,Tuesday,King St. West and Charlotte St.,Diversion,230,230,B/W,
2016-03-08,501,05:34:00,Tuesday,Russell Yard,Late Leaving Garage,5,10,E/B,4032
2016-03-08,504,05:37:00,Tuesday,Russell Yard,Late Leaving Garage,8,15,N/B,4140
2016-03-08,512,05:48:00,Tuesday,Roncesvalles Traffic Office.,Mechanical,3,6,E/B,4179
2016-03-08,509,06:00:00,Tuesday,Fleet and bathurst,Utilized Off Route,4,8,B/W,4094
2016-03-08,509,06:20:00,Tuesday,Fleet and Bathurst,Utilized Off Route,4,8,B/W,4111
2016-03-08,501,06:45:00,Tuesday,Lakeshore at 27th St,Mechanical,20,30,E/B,4036
2016-03-08,505,06:50:00,Tuesday,Roncesvalles Carhouse.,Mechanical,5,10,E/B,4095
2016-03-08,505,06:50:00,Tuesday,Dundas West Stn,Mechanical,6,12,E/B,4095
2016-03-08,504,07:11:00,Tuesday,Queen and Broadview,Utilized Off Route,4,8,B/W,4017
2016-03-08,504,07:15:00,Tuesday,Queen and Broadview,Utilized Off Route,4,8,B/W,4000
2016-03-08,501,07:16:00,Tuesday,Queen at Roncesvalles,Mechanical,5,10,W/B,4247
2016-03-08,504,11:53:00,Tuesday,Broadview Station,Mechanical,5,10,S/B,4070
2016-03-08,501,13:13:00,Tuesday,Humber Loop,Mechanical,5,11,E/B,4113
2016-03-08,504,14:53:00,Tuesday,Roncesvalles and Queen.,Mechanical,5,10,W/B,4190
2016-03-08,501,14:54:00,Tuesday,Queen at Connaught,Mechanical,11,16,W/B,4112
2016-03-08,501,14:58:00,Tuesday,Queensway at Sunnyside,Mechanical,14,20,E/B,4122
2016-03-08,501,16:30:00,Tuesday,Bathurst at Adelaide,Investigation,5,11,E/B,4223
2016-03-08,511,16:34:00,Tuesday,Queen and Spadina,Held By,9,16,S/B,4197
2016-03-08,512,17:51:00,Tuesday,St.Clair West station,Mechanical,4,8,E/B,4098
2016-03-08,504,18:26:00,Tuesday,King and University,Investigation,10,20,E/B,1027
2016-03-08,501,18:40:00,Tuesday,Queen at Tecumseth,Diversion,16,22,B/W,4210
2016-03-08,506,19:59:00,Tuesday,College and Dufferin,Mechanical,7,14,13,4102
2016-03-08,506,21:24:00,Tuesday,HIPK Loop,Investigation,4,12,E/B,4085
2016-03-09,509,00:57:00,Wednesday,Fleet Loop,Emergency Services,8,16,E/B,4147
2016-03-09,512,05:11:00,Wednesday,Roncesvalles Carhouse.,Mechanical,4,8,W/B,4165
2016-03-09,504,05:37:00,Wednesday,Roncesvalles Carhouse.,Mechanical,4,8,W/B,4190
2016-03-09,501,06:10:00,Wednesday,Queen @ Roncesvalles,Mechanical,5,10,W/B,4224
2016-03-09,510,06:28:00,Wednesday,Russell Yard,Late Leaving Garage,7,14,N/B,4223
2016-03-09,505,07:00:00,Wednesday,Russell Yard,Late Leaving Garage,6,12,N/B,4155
2016-03-09,504,07:15:00,Wednesday,Sherbourne and Kingston,Investigation,4,8,W/B,7433
2016-03-09,502,07:34:00,Wednesday,Richmond at Duncan,General Delay,10,20,W/B,7729
2016-03-09,504,07:39:00,Wednesday,Russell Yard,Late Leaving Garage,2,4,W/B,4134
2016-03-09,506,07:47:00,Wednesday,Carlton and Parliament,Investigation,37,41,E/B,4041
2016-03-09,504,07:48:00,Wednesday,Russell Yard,Late Leaving Garage,2,4,W/B,4045
2016-03-09,505,08:00:00,Wednesday,Dundas and Gladstone,Held By,7,13,B/W,4052
2016-03-09,502,08:14:00,Wednesday,Ontario and Queen,Investigation,10,20,E/B,7744
2016-03-09,504,10:11:00,Wednesday,King and Sumach,Investigation,58,62,W/B,4093
2016-03-09,501,10:29:00,Wednesday,Queen and Broadview,Held By,38,43,W/B,4249
2016-03-09,506,14:01:00,Wednesday,Howard Park and  Roncesvalles,Investigation,15,21,W/B,4178
2016-03-09,504,14:17:00,Wednesday,Roncesvalles Yard,Late Leaving Garage,4,8,W/B,4199
2016-03-09,50,14:53:00,Wednesday,College and Lansdown,Mechanical,6,12,E/B,4075
2016-03-09,505,15:29:00,Wednesday,church/dundas,Mechanical,6,12,W/B,4136
2016-03-09,506,15:48:00,Wednesday,HIPK Loop,Mechanical,6,12,E/B,4147
2016-03-09,504,16:05:00,Wednesday,Quenn at Broadview,Utilized Off Route,4,8,W/B,4033
2016-03-09,512,16:14:00,Wednesday,Gunn's Loop,Mechanical,3,6,E/B,4142
2016-03-09,512,16:33:00,Wednesday,Earlscourt Loop,Mechanical,3,6,W/B,4022
2016-03-09,505,17:00:00,Wednesday,bay/dundas,Investigation,6,12,W/B,4080
2016-03-09,501,18:09:00,Wednesday,Queen at Connaught,Mechanical,5,11,W/B,4222
2016-03-09,501,18:49:00,Wednesday,Neville Loop,Held By,19,24,W/B,4203
2016-03-09,505,19:00:00,Wednesday,wolfrey/broadview,Mechanical,7,14,W/B,4052
2016-03-09,501,19:35:00,Wednesday,Humber Loop,Mechanical,5,10,E/B,4245
2016-03-09,509,20:22:00,Wednesday,CNE,Mechanical,4,8,E/B,1706
2016-03-09,506,20:51:00,Wednesday,College and Lansdown,Mechanical,7,14,W/B,4003
2016-03-09,509,20:55:00,Wednesday,Fleet Loop,Mechanical,8,16,E/B,4016
2016-03-09,501,21:10:00,Wednesday,Humber loop,Emergency Services,10,20,W/B,4072
2016-03-09,509,21:50:00,Wednesday,CNE (Prince's and Newfoundland),Investigation,4,8,W/B,8342
2016-03-09,504,21:51:00,Wednesday,King and Spadina,Mechanical,4,8,W/B,4145
2016-03-09,506,22:12:00,Wednesday,Carlton and Ontario,Mechanical,14,22,E/B,4164
2016-03-09,501,22:42:00,Wednesday,Humber loop,Mechanical,10,20,E/B,4194
2016-03-09,504,23:22:00,Wednesday,King Street West and York Station,Held By,6,12,W/B,4055
2016-03-10,509,01:14:00,Thursday,CNE (Prince's and Newfoundland),Held By,8,16,W/B,8371
2016-03-10,501,05:41:00,Thursday,Roncesvalles Carhouse.,Mechanical,6,12,W/B,4245
2016-03-10,511,05:53:00,Thursday,Roncesvalles Carhouse.,Mechanical,5,10,S/B,4017
2016-03-10,506,06:19:00,Thursday,Russell Yard,Late Leaving Garage,5,9,N/B,4123
2016-03-10,506,06:36:00,Thursday,College and Ossington,Mechanical,42,45,E/B,4061
2016-03-10,501,06:54:00,Thursday,Queen & Connaught,Mechanical,5,10,E/B,4241
2016-03-10,501,08:31:00,Thursday,Kingston Rd @ Queen,Mechanical,0,0,E/B,4219
2016-03-10,501,08:31:00,Thursday,Queen @ Kingston rd,Mechanical,5,10,E/B,4219
2016-03-10,511,09:20:00,Thursday,Dundas To Fleet Loop,Mechanical,5,10,S/B,4104
2016-03-10,504,10:17:00,Thursday,Dundas West Station,Mechanical,4,8,E/B,4133
2016-03-10,506,10:20:00,Thursday,Main Stn,Mechanical,6,12,W/B,4058
2016-03-10,506,10:54:00,Thursday,College and Ossington,Mechanical,6,12,E/B,4168
2016-03-10,501,11:00:00,Thursday,Queen From Dufferin to Yonge st,General Delay,90,95,E/B,4208
2016-03-10,511,11:09:00,Thursday,Fleet Loop To Bathrust St.,Mechanical,5,10,S/B,4185
2016-03-10,505,11:22:00,Thursday,Broadview stn,Mechanical,6,12,W/B,4037
2016-03-10,506,11:38:00,Thursday,High Park Loop,Mechanical,6,12,E/B,4169
2016-03-10,506,11:48:00,Thursday,College and Lansdown,Mechanical,6,12,W/B,4012
2016-03-10,511,11:58:00,Thursday,Queen / Bathurst St.,Held By,10,15,S/B,4157
2016-03-10,510,12:12:00,Thursday,Queensquay and York,Mechanical,5,10,W/B,4207
2016-03-10,504,12:52:00,Thursday,Broadview Station Loop,Mechanical,4,8,W/B,4025
2016-03-10,510,12:57:00,Thursday,Spadina and Willcox,Mechanical,43,47,N/B,4417
2016-03-10,501,13:19:00,Thursday,Queen and Church,Mechanical,5,10,W/B,4247
2016-03-10,501,13:44:00,Thursday,Queen and Bathurst,Mechanical,5,10,E/B,4236
2016-03-10,502,13:44:00,Thursday,Queen and Laing,Mechanical,10,20,W/B,7746
2016-03-10,506,13:54:00,Thursday,Gerrard and Sumach,Mechanical,6,12,W/B,4012
2016-03-10,509,14:53:00,Thursday,Fleet Loop,Investigation,4,8,E/B,4074
2016-03-10,511,15:00:00,Thursday,Bathurst at King,Held By,45,50,N/B,4174
2016-03-10,501,15:27:00,Thursday,Queen and Bathurst,Held By,13,18,W/B,4011
2016-03-10,511,15:29:00,Thursday,Queen at Bathurst,Investigation,21,26,W/B,4185
2016-03-10,506,15:34:00,Thursday,MAIN STN,Mechanical,5,10,W/B,4169
2016-03-10,504,15:58:00,Thursday,Roncesvalles Yard,Late Leaving Garage,4,8,E/B,4242
2016-03-10,504,16:38:00,Thursday,Dundas West Station,Utilized Off Route,4,8,E/B,4242
2016-03-10,510,17:20:00,Thursday,spadina/collage,Mechanical,5,10,N/B,4409
2016-03-10,506,17:51:00,Thursday,College and Lansdown,Mechanical,5,10,E/B,4176
2016-03-10,501,22:12:00,Thursday,Queensway and Parklawn,Diversion,36,44,B/W,4181
2016-03-10,501,22:12:00,Thursday,Queen at University,Diversion,58,62,B/W,501
2016-03-10,505,23:53:00,Thursday,broadview/dundas,Mechanical,10,20,N/B,4052
2016-03-10,501,2016-03-10 00:00:00,Thursday,Queenway and Park lawn,Diversion,36,44,B/W,4181
2016-03-11,511,05:05:00,Friday,Queen & King,Late Leaving Garage,20,24,E/B,4196
2016-03-11,504,05:35:00,Friday,Russell Yard,Late Leaving Garage,4,8,W/B,4091
2016-03-11,501,05:41:00,Friday,Roncesvalles Carhouse.,Mechanical,5,10,W/B,4228
2016-03-11,504,05:41:00,Friday,Roncesvalles Carhouse.,Mechanical,4,8,W/B,4001
2016-03-11,506,05:59:00,Friday,Russell Yard,Late Leaving Garage,6,12,W/B,4126
2016-03-11,506,06:01:00,Friday,Russell Yard,Late Leaving Garage,4,8,N/B,4193
2016-03-11,509,06:17:00,Friday,Fleet Loop,Held By,7,12,E/B,4119
2016-03-11,501,06:32:00,Friday,Russell Yard,Late Leaving Garage,5,10,E/B,4247
2016-03-11,501,07:05:00,Friday,Russell Yard,Late Leaving Garage,5,10,E/B,4249
2016-03-11,501,07:55:00,Friday,Queen @ Leslie,Mechanical,5,10,E/B,4087
2016-03-11,505,08:55:00,Friday,Broadview @ Dundas,Held By,5,10,S/B,4100
2016-03-11,506,09:38:00,Friday,Gerrard and Carlaw,Held By,23,27,W/B,4153
2016-03-11,511,10:04:00,Friday,Bathurs / Bloor,Held By,40,45,S/B,4027
2016-03-11,510,10:40:00,Friday,Union Stn,Held By,4,11,W/B,4410
2016-03-11,504,11:03:00,Friday,King and Sumach,Held By,27,31,W/B,4035
2016-03-11,506,12:58:00,Friday,Gerrard and Sherbourne,Investigation,22,28,E/B,4077
2016-03-11,501,14:58:00,Friday,Queen and Connaught,Mechanical,5,10,W/B,4236
2016-03-11,501,15:25:00,Friday,Queen and Church,Investigation,26,0,W/B,4087
2016-03-11,504,16:51:00,Friday,King St. W and Bathurst St.,Mechanical,8,12,E/B,4065
2016-03-11,506,17:37:00,Friday,Gerrard and River,Held By,7,12,E/B,4121
2016-03-11,509,17:58:00,Friday,Bathurst and Fleet,Investigation,4,8,W/B,8212
2016-03-11,506,18:23:00,Friday,Dundas and Lansdown,Mechanical,5,10,W/B,4113
2016-03-11,509,18:58:00,Friday,Queens Quay and Spadina,Mechanical,19,24,W/B,4414
2016-03-12,510,00:15:00,Saturday,hurbour front tunnel,Held By,86,91,S/B,4416
2016-03-12,506,00:37:00,Saturday,College and St. Helens,Mechanical,8,16,W/B,4074
2016-03-12,512,01:54:00,Saturday,Gunns Loop,Investigation,5,10,E/B,4139
2016-03-12,306,02:25:00,Saturday,Carlton Street and Church Street,Mechanical,8,15,E/B,4024
2016-03-12,301,05:02:00,Saturday,Queen and Victoria,Held By,39,39,W/B,4057
2016-03-12,501,05:52:00,Saturday,Roncesvalles and Queen,Mechanical,6,11,E/B,4205
2016-03-12,504,09:16:00,Saturday,Broadview and Queen,Mechanical,5,11,S/B,4037
2016-03-12,505,10:38:00,Saturday,Dundas @ Lansdowne,Investigation,4,6,E/B,4188
2016-03-12,505,10:51:00,Saturday,Dundas @ Lansdowne,Mechanical,4,8,W/B,4010
2016-03-12,501,11:20:00,Saturday,Queen and Greenwood,Mechanical,6,12,E/B,4228
2016-03-12,501,11:45:00,Saturday,Queen and Dufferin,Held By,7,13,W/B,4124
2016-03-12,505,12:15:00,Saturday,Dundas @ Broadview,Mechanical,5,10,E/B,4090
2016-03-12,504,12:19:00,Saturday,King S W and University,Held By,25,29,E/B,4087
2016-03-12,504,12:30:00,Saturday,Dundas West to Broadview,General Delay,25,30,B/W,
2016-03-12,510,13:29:00,Saturday,Union Stn,Mechanical,8,15,W/B,4404
2016-03-12,504,13:45:00,Saturday,King and Bathurst,Held By,71,75,E/B,4145
2016-03-12,501,14:09:00,Saturday,Queen at University,Held By,15,21,W/B,4210
2016-03-12,501,14:13:00,Saturday,Queen at Ossington,Mechanical,23,28,E/B,4236
2016-03-12,505,14:28:00,Saturday,Dundas @ Parliament,Utilized Off Route,5,10,W/B,4166
2016-03-12,504,14:33:00,Saturday,King and Shaw/Queen/Spadina/King,Diversion,25,29,E/B,4044
2016-03-12,501,15:20:00,Saturday,Queen at Spadina,Held By,10,15,E/B,4183
2016-03-12,504,16:54:00,Saturday,Dundas St W and Roncesvalles,Mechanical,17,22,E/B,4052
2016-03-12,505,16:57:00,Saturday,roncy/dundas,Held By,15,20,E/B,4030
2016-03-12,506,17:41:00,Saturday,Carlton and Parliament,Investigation,28,20,W/B,4114
2016-03-12,504,18:39:00,Saturday,King and Peter,Mechanical,88,91,E/B,4192
2016-03-12,506,20:19:00,Saturday,Coxwell and Gerrard,Mechanical,5,8,E/B,4076
2016-03-12,501,23:31:00,Saturday,Neville Park Loop,Investigation,13,22,W/B,4247
2016-03-13,509,00:09:00,Sunday,Queen's Quay and Bay St.,Held By,89,98,E/B,4081
2016-03-13,501,04:08:00,Sunday,Queen St. West and Peter St.,Held By,14,24,W/B,4214
2016-03-13,505,06:51:00,Sunday,Roncesvalles Div,Mechanical,10,20,B/W,4046
2016-03-13,511,07:04:00,Sunday,Bathurst & Niagra,Held By,10,18,S/B,4178
2016-03-13,504,07:46:00,Sunday,King and Roncesvalles,Mechanical,9,18,W/B,4003
2016-03-13,511,08:10:00,Sunday,Fleet Loop To Bathurst Station,Mechanical,8,16,S/B,4176
2016-03-13,505,08:19:00,Sunday,Parliament/Dundas.,Held By,10,20,W/B,4014
2016-03-13,510,08:51:00,Sunday,Russell Yard,Mechanical,10,20,W/B,4205
2016-03-13,510,08:59:00,Sunday,Queens Quay/Spadina,Mechanical,4,8,N/B,4241
2016-03-13,504,09:05:00,Sunday,King and Close Ave,Held By,77,86,B/W,4037
2016-03-13,505,11:08:00,Sunday,Russell Yard,Mechanical,6,12,B/W,4073
2016-03-13,511,11:45:00,Sunday,Bathurst and Fleet,Mechanical,5,10,N/B,4095
2016-03-13,501,12:08:00,Sunday,Lakeshore at Humber Loop,Mechanical,10,20,W/B,4094
2016-03-13,501,12:08:00,Sunday,Spadina to Church,General Delay,5,10,B/W,4232
2016-03-13,504,15:04:00,Sunday,King and River,Mechanical,6,12,W/B,4145
2016-03-13,510,16:06:00,Sunday,Spadina Stn,Mechanical,5,10,S/B,4408
2016-03-13,512,21:45:00,Sunday,St. Clair and Warren`,Mechanical,5,10,E/B,4154
2016-03-13,505,23:33:00,Sunday,Dundas at Parliament,Held By,6,16,B/W,4024
2016-03-14,501,01:43:00,Monday,Humber Loop,Mechanical,10,20,W/B,4174
2016-03-14,301,02:50:00,Monday,Queen St. West and Dufferin St.,Held By,28,47,E/B,4112
2016-03-14,306,04:34:00,Monday,Carlton and Sherbourne,Emergency Services,40,70,W/B,4085
2016-03-14,504,05:16:00,Monday,Roncesvalles Carhouse.,Mechanical,4,8,W/B,4001
2016-03-14,506,05:22:00,Monday,Roncesvalles Carhouse.,Mechanical,10,25,E/B,4045
2016-03-14,506,05:31:00,Monday,Queen and Connaught,Mechanical,4,8,E/B,4081
2016-03-14,501,05:34:00,Monday,Queen and Connaught,Mechanical,5,10,E/B,4237
2016-03-14,502,06:01:00,Monday,Queen at Kingston,Mechanical,12,19,E/B,7880
2016-03-14,511,06:06:00,Monday,Roncesvalles Carhouse.,Mechanical,5,10,S/B,4183
2016-03-14,502,06:08:00,Monday,Queen at Kingston,Mechanical,19,29,E/B,7715
2016-03-14,509,06:20:00,Monday,Fleet Loop,Utilized Off Route,4,8,E/B,4077
2016-03-14,509,06:20:00,Monday,Fleet Loop,Utilized Off Route,4,8,E/B,4039
2016-03-14,504,06:35:00,Monday,Roncesvalles Carhouse.,Mechanical,3,6,W/B,4028
2016-03-14,511,06:36:00,Monday,Bathurst Stn,Mechanical,6,12,S/B,4064
2016-03-14,506,06:58:00,Monday,Gerrard and Coxwell,Mechanical,4,8,W/B,4048
2016-03-14,510,07:03:00,Monday,Leslie Barns,Mechanical,4,8,N/B,4407
2016-03-14,510,07:04:00,Monday,Leslie Barns,Late Leaving Garage,4,8,W/B,4416
2016-03-14,510,07:11:00,Monday,Leslie Barns,Late Leaving Garage,4,8,W/B,4411
2016-03-14,504,07:16:00,Monday,Broadview Station,Mechanical,34,38,S/B,4074
2016-03-14,505,07:22:00,Monday,broadview station,Mechanical,4,8,S/B,4022
2016-03-14,501,08:20:00,Monday,Queen at Connaught,Held By,6,11,E/B,4024
2016-03-14,505,08:22:00,Monday,Dundas West Station,Mechanical,5,10,W/B,4196
2016-03-14,510,08:30:00,Monday,Spadina Station to Union Station,General Delay,10,6,B/W,
2016-03-14,510,08:30:00,Monday,Russell Yard,Mechanical,4,8,W/B,4244
2016-03-14,510,08:34:00,Monday,Spadina Station,Investigation,5,9,S/B,4409
2016-03-14,503,08:35:00,Monday,Queen and Alton,Investigation,12,24,W/B,7748
2016-03-14,512,08:41:00,Monday,St Clair West Stn,Mechanical,10,13,W/B,4052
2016-03-14,506,10:41:00,Monday,Howard Park and Roncesvalles,General Delay,9,13,W/B,4013
2016-03-14,501,10:45:00,Monday,Queen at Lisgar,Held By,9,15,E/B,4127
2016-03-14,501,10:54:00,Monday,Longbranch Loop,Mechanical,10,20,E/B,4029
2016-03-14,506,11:56:00,Monday,Main Station,Mechanical,4,8,W/B,4117
2016-03-14,501,15:02:00,Monday,Queen at Connaught,Mechanical,5,10,E/B,4020
2016-03-14,506,15:02:00,Monday,Bathurst To Fleet Loop,Mechanical,5,10,E/B,4160
2016-03-14,504,16:02:00,Monday,Shaw Street,Mechanical,4,8,W/B,4090
2016-03-14,512,16:18:00,Monday,Oakwood and St Clair,Mechanical,4,7,W/B,4159
2016-03-14,503,16:25:00,Monday,Bingham Loop,Mechanical,10,20,W/B,7840
2016-03-14,505,21:01:00,Monday,Dundas at Lansdowne,Mechanical,7,14,W/B,4015
2016-03-14,501,21:04:00,Monday,The Queensway and King St.,Mechanical,5,11,E/B,4203
2016-03-14,504,22:14:00,Monday,Roncesvalle and Bloor,Held By,7,13,S/B,4045
2016-03-14,512,22:15:00,Monday,Vaughan and St Clair,Held By,12,18,E/B,4190
2016-03-14,511,23:00:00,Monday,Wolseley Loop,Mechanical,6,12,N/B,4176
2016-03-15,501,05:14:00,Tuesday,Queen and Connaught,Mechanical,5,10,E/B,4210
2016-03-15,511,05:22:00,Tuesday,Roncesvalles Carhouse.,Mechanical,5,10,N/B,4158
2016-03-15,506,05:50:00,Tuesday,High Park Loop,Mechanical,19,23,E/B,4060
2016-03-15,512,05:56:00,Tuesday,Roncesvalles Carhouse.,Mechanical,4,8,W/B,4159
2016-03-15,512,05:59:00,Tuesday,Roncesvalles Carhouse.,Mechanical,4,8,E/B,4001
2016-03-15,509,06:00:00,Tuesday,Fleet Loop,Utilized Off Route,4,8,E/B,4119
2016-03-15,511,06:14:00,Tuesday,Roncesvalles Carhouse.,Late Leaving Garage,5,10,S/B,4145
2016-03-15,505,06:17:00,Tuesday,Queen and Connaught,Mechanical,10,20,W/B,4021
2016-03-15,509,06:20:00,Tuesday,Fleet Loop,Utilized Off Route,4,8,E/B,4099
2016-03-15,505,06:32:00,Tuesday,Russell Yard,Mechanical,6,12,W/B,4021
2016-03-15,505,06:45:00,Tuesday,Dundas West Station,Mechanical,6,12,S/B,4022
2016-03-15,504,06:56:00,Tuesday,Dundas W. Station,Mechanical,4,8,S/B,4059
2016-03-15,501,07:00:00,Tuesday,Queen at Connaught,Mechanical,5,10,W/B,4099
2016-03-15,501,08:00:00,Tuesday,Queensway at Roncesvalles,Mechanical,5,10,E/B,4222
2016-03-15,501,08:19:00,Tuesday,Lakeshore at Parklawn,Held By,5,15,B/W,4115
2016-03-15,501,08:57:00,Tuesday,Queen at Broadview,Held By,7,13,B/W,4221
2016-03-15,504,08:57:00,Tuesday,Queen and Broadview,Mechanical,21,25,E/B,4056
2016-03-15,504,10:15:00,Tuesday,King and Bathurst,Investigation,5,10,E/B,4136
2016-03-15,501,11:10:00,Tuesday,Bingham Loop,Mechanical,10,20,W/B,7863
2016-03-15,501,12:05:00,Tuesday,Queensway at Roncesvalles,Mechanical,5,11,E/B,4219
2016-03-15,505,12:14:00,Tuesday,Broadview and Dundas,Mechanical,6,12,S/B,4028
2016-03-15,504,15:44:00,Tuesday,Roncy and Queen,Mechanical,4,6,E/B,4039
2016-03-15,505,15:57:00,Tuesday,Dundas West Station,Mechanical,7,15,E/B,4017
2016-03-15,506,17:12:00,Tuesday,Duffrin to Lansdown,Mechanical,5,10,W/B,4122
2016-03-15,504,17:45:00,Tuesday,Victoria Ave,Investigation,3,6,W/B,1604
2016-03-15,510,18:16:00,Tuesday,Spadina at Queen,Mechanical,10,15,N/B,4249
2016-03-15,506,18:29:00,Tuesday,Spadina and College,Investigation,16,20,W/B,4101
2016-03-15,501,18:33:00,Tuesday,Queen and Roncesvalles,Mechanical,5,10,W/B,4203
2016-03-15,512,19:38:00,Tuesday,St Clair and Hounslew,Mechanical,19,22,E/B,4177
2016-03-15,501,22:50:00,Tuesday,Lake Shore Blvd. and Royal York Ave.,Mechanical,5,14,W/B,4178
2016-03-15,511,22:56:00,Tuesday,Bathurst Station Loop,Utilized Off Route,6,12,S/B,4145
2016-03-15,506,23:59:00,Tuesday,Main Staion to Coxwell Ave.,Mechanical,8,16,S/B,4027
2016-03-16,504,05:45:00,Wednesday,Roncesvalles Carhouse.,Mechanical,4,8,W/B,4153
2016-03-16,506,05:47:00,Wednesday,Roncesvalles Carhouse.,Mechanical,5,10,W/B,4055
2016-03-16,505,05:49:00,Wednesday,Roncesvalles Carhouse.,Late Leaving Garage,5,10,E/B,4148
2016-03-16,511,06:00:00,Wednesday,Roncesvalles Carhouse.,Mechanical,5,10,N/B,4032
2016-03-16,511,06:01:00,Wednesday,Roncesvalles Carhouse.,Held By,5,10,S/B,4018
2016-03-16,501,06:03:00,Wednesday,Roncesvalles Carhouse.,Held By,3,6,W/B,4042
2016-03-16,506,06:06:00,Wednesday,Roncesvalles Carhouse.,Mechanical,5,10,E/B,4001
2016-03-16,511,06:06:00,Wednesday,Roncesvalles Carhouse.,Held By,5,15,S/B,4090
2016-03-16,501,06:12:00,Wednesday,Queen at Shaw,Mechanical,5,10,E/B,4219
2016-03-16,505,06:39:00,Wednesday,Dundas West Station,Mechanical,6,12,S/B,4099
2016-03-16,510,07:03:00,Wednesday,Russell Yard,Late Leaving Garage,5,10,N/B,4244
2016-03-16,504,07:09:00,Wednesday,King and Parliament,Mechanical,4,8,W/B,4015
2016-03-16,506,08:24:00,Wednesday,College and University,Mechanical,4,8,E/B,4091
2016-03-16,502,11:10:00,Wednesday,Bingham Loop,Mechanical,10,20,W/B,7847
2016-03-16,501,12:06:00,Wednesday,Queen at Roncesvalles,Mechanical,5,10,W/B,4208
2016-03-16,505,12:35:00,Wednesday,Dundas North of Bloor,Investigation,2,8,W/B,4064
2016-03-16,505,14:56:00,Wednesday,Dundas @Denison,Mechanical,16,24,E/B,4134
2016-03-16,505,17:20:00,Wednesday,gerrard/broadview,Mechanical,5,10,E/B,4199
2016-03-16,506,17:24:00,Wednesday,Main and Upper Gerrard,Mechanical,23,28,E/B,4074
2016-03-16,504,17:32:00,Wednesday,King and Yonge,Investigation,23,27,W/B,4078
2016-03-16,506,17:36:00,Wednesday,Main Stn,Investigation,13,18,E/B,4065
2016-03-16,502,18:18:00,Wednesday,Queen at Woodfield Rd,Investigation,10,20,E/B,7808
2016-03-16,501,20:37:00,Wednesday,Lake Shore Blvd. and Superior Ave.,Mechanical,10,20,W/B,7970
2016-03-17,504,05:11:00,Thursday,Roncesvalles Carhouse.,Mechanical,5,10,W/B,4190
2016-03-17,504,05:37:00,Thursday,Roncesvalles Carhouse.,Mechanical,4,8,W/B,4114
2016-03-17,506,05:47:00,Thursday,Coxwell and Gerrard,Mechanical,4,8,E/B,4076
2016-03-17,504,05:49:00,Thursday,Roncesvalles Carhouse.,Mechanical,3,6,W/B,4168
2016-03-17,501,06:10:00,Thursday,Queen and Connaught,Mechanical,5,10,E/B,4117
2016-03-17,504,06:26:00,Thursday,Queen and Broadview,Late Leaving Garage,4,8,W/B,4152
2016-03-17,504,11:25:00,Thursday,King and Jarvis,Mechanical,6,10,E/B,4083
2016-03-17,509,11:58:00,Thursday,Union Station,Mechanical,20,25,E/B,4404
2016-03-17,510,12:16:00,Thursday,Union Station,Held By,6,12,W/B,4413
2016-03-17,510,12:16:00,Thursday,Union Station,Held By,6,12,W/B,4400
2016-03-17,501,12:50:00,Thursday,Dufferin and Queen,Investigation,8,12,S/B,8024
2016-03-17,510,12:55:00,Thursday,Spadina Station,Mechanical,6,12,S/B,4247
2016-03-17,504,13:01:00,Thursday,Ronc and Queen,Mechanical,6,12,W/B,4176
2016-03-17,504,15:38:00,Thursday,Dundas West Stn,Mechanical,8,16,E/B,1412
2016-03-17,504,15:38:00,Thursday,Dundas West Stn,Mechanical,8,16,E/B,1057
2016-03-17,504,15:46:00,Thursday,Dundas West Stn,Mechanical,8,16,E/B,1658
2016-03-17,501,16:00:00,Thursday,Roncy car house,Mechanical,0,0,S/B,4208
2016-03-17,506,17:31:00,Thursday,College & Bay,Investigation,6,12,W/B,4084
2016-03-17,506,20:05:00,Thursday,Woodbine & Upper Gerrard,Emergency Services,6,12,W/B,4036
2016-03-17,504,20:35:00,Thursday,king west and shaw,Mechanical,6,12,E/B,4113
2016-03-17,501,20:39:00,Thursday,Queen and York,Mechanical,5,10,E/B,4208
2016-03-17,506,20:56:00,Thursday,College & Bay,Mechanical,6,12,W/B,4178
2016-03-17,505,23:23:00,Thursday,yonge/dundas,Investigation,0,0,W/B,4092
2016-03-18,512,01:51:00,Friday,St. Clair West STN,Investigation,5,10,E/B,4098
2016-03-18,506,05:22:00,Friday,Roncesvalles Carhouse.,Mechanical,14,29,E/B,5926
2016-03-18,504,05:28:00,Friday,Queen and Broadview,Mechanical,4,8,W/B,4046
2016-03-18,506,05:36:00,Friday,Coxwell and Gerrard,Mechanical,4,8,E/B,4179
2016-03-18,504,06:08:00,Friday,Roncesvalles Carhouse.,Mechanical,4,8,W/B,4150
2016-03-18,504,06:17:00,Friday,Roncesvalles Carhouse.,Held By,4,8,W/B,4095
2016-03-18,504,06:43:00,Friday,Queen and Broadview,Late Leaving Garage,4,8,W/B,4172
2016-03-18,506,12:24:00,Friday,Howard Park and Indian Road,Investigation,60,66,W/B,4181
2016-03-18,805,13:10:00,Friday,Long Branch Loop,Mechanical,7,14,E/B,1548
2016-03-18,506,13:36:00,Friday,Coxwell and Gerrard,Mechanical,6,12,W/B,4059
2016-03-18,504,15:29:00,Friday,Ronc and Queen,Utilized Off Route,4,8,W/B,4101
2016-03-18,805,17:28:00,Friday,Long Branch Loop,Mechanical,0,0,E/B,8056
2016-03-18,504,20:11:00,Friday,Queen and Broadview,Mechanical,6,12,W/B,4040
2016-03-18,504,20:46:00,Friday,Joe Shuster way/King street west,Held By,6,12,W/B,4033
2016-03-18,501,21:53:00,Friday,Queen and Spadina,Investigation,1,1,W/B,4239
2016-03-18,504,22:02:00,Friday,king / sumach,Mechanical,6,12,E/B,4169
2016-03-18,501,22:51:00,Friday,Queen and Wineva,Mechanical,9,18,E/B,4207
2016-03-18,504,23:17:00,Friday,Simcoe and King West,Mechanical,6,12,E/B,4153
2016-03-19,501,01:36:00,Saturday,Queen and York,Mechanical,9,18,E/B,4235
2016-03-19,805,06:11:00,Saturday,Gunns Loop,Investigation,5,10,W/B,1259
2016-03-19,506,08:20:00,Saturday,High Park Loop,Held By,10,17,E/B,4078
2016-03-19,501,08:58:00,Saturday,Queen and Augusta,Investigation,18,25,W/B,4094
2016-03-19,512,09:50:00,Saturday,Gunns Loop,Investigation,5,10,W/B,7049
2016-03-19,504,10:20:00,Saturday,Bathurst and king,Mechanical,19,31,W/B,4132
2016-03-19,511,10:20:00,Saturday,King and Bathurst,Mechanical,6,12,S/B,4147
2016-03-19,501,11:29:00,Saturday,Russell Garage,Mechanical,7,13,W/B,4041
2016-03-19,505,11:32:00,Saturday,Roncy yard,Mechanical,4,8,E/B,4110
2016-03-19,509,13:20:00,Saturday,Queens Quay and Spadina,Mechanical,6,12,W/B,4099
2016-03-19,505,14:05:00,Saturday,Lansdowne/College,Mechanical,5,10,W/B,4025
2016-03-19,512,17:25:00,Saturday,Silverthorn,Investigation,95,99,S/B,1827
2016-03-19,506,18:16:00,Saturday,Coxwell / Gerrard,Held By,8,16,W/B,4136
2016-03-19,510,21:21:00,Saturday,Union Tunnel,Held By,26,36,W/B,4410
2016-03-19,509,21:28:00,Saturday,Union Tunnel,Held By,18,36,W/B,4414
2016-03-19,510,21:29:00,Saturday,spadina tunnel,Mechanical,10,15,N/B,4037
2016-03-19,511,21:50:00,Saturday,Fort York,Investigation,12,18,S/B,4174
2016-03-19,805,22:00:00,Saturday,Long Branch,Mechanical,5,10,E/B,8024
2016-03-19,501,22:49:00,Saturday,Queen and Wineva,Investigation,2,10,E/B,4207
2016-03-20,504,01:09:00,Sunday,Broadview stn,Mechanical,6,12,W/B,4052
2016-03-20,501,02:21:00,Sunday,Queen and Shaw,Mechanical,9,18,E/B,4230
2016-03-20,504,09:23:00,Sunday,Russell Yard,Late Leaving Garage,4,9,N/B,4012
2016-03-20,506,10:39:00,Sunday,Lower Gerrard and Greenwood,Emergency Services,13,20,W/B,4198
2016-03-20,505,11:09:00,Sunday,Russell Yard,Mechanical,7,14,W/B,4046
2016-03-20,505,11:29:00,Sunday,Parliament & Dundas,Mechanical,7,14,E/B,4049
2016-03-20,504,12:09:00,Sunday,John and King,Mechanical,5,11,W/B,4016
2016-03-20,501,13:26:00,Sunday,Queen and Connaught,Mechanical,5,10,W/B,4039
2016-03-20,501,13:38:00,Sunday,Queen at Logan,Mechanical,15,25,W/B,4061
2016-03-20,505,14:54:00,Sunday,Broadview To Main Station,Mechanical,6,12,W/B,4121
2016-03-20,504,15:21:00,Sunday,DW Stn,Mechanical,6,12,W/B,4111
2016-03-20,504,15:30:00,Sunday,Dufferin-DW Stn,General Delay,9,25,W/B,
2016-03-20,501,19:07:00,Sunday,Queen at Bay,Emergency Services,14,19,W/B,4104
2016-03-20,504,20:46:00,Sunday,King and Parliament,Investigation,10,20,W/B,4172
2016-03-21,504,05:49:00,Monday,Roncesvalles Carhouse.,Mechanical,3,6,W/B,4035
2016-03-21,501,07:06:00,Monday,Queensway at Roncesvalles,Mechanical,5,10,E/B,4216
2016-03-21,510,08:09:00,Monday,Queens Quay/Spadina Loop,Mechanical,7,14,S/B,4408
2016-03-21,510,09:03:00,Monday,Spadina @ Harbord,Held By,3,7,S/B,4416
2016-03-21,502,11:04:00,Monday,Bingham Loop,Mechanical,10,20,W/B,7856
2016-03-21,511,11:35:00,Monday,Bathurst and Front,Investigation,5,10,S/B,4102
2016-03-21,501,13:25:00,Monday,Queen and Parliament,Mechanical,5,10,W/B,4223
2016-03-21,502,13:42:00,Monday,Queen at Coxwell,Investigation,10,20,E/B,7823
2016-03-21,505,15:00:00,Monday,Dundas @ Broadview,Mechanical,3,6,E/B,4152
2016-03-21,501,15:11:00,Monday,Queen at Ontario,Mechanical,12,22,W/B,4061
2016-03-21,511,15:43:00,Monday,Bathurst and Fort York,Investigation,30,35,S/B,4024
2016-03-21,501,15:58:00,Monday,Queen at Connaught,Mechanical,5,10,E/B,4238
2016-03-21,511,16:23:00,Monday,Bathurst and Front,Investigation,8,13,S/B,4111
2016-03-21,504,17:02:00,Monday,Jameson Ave,Mechanical,4,8,W/B,4035
2016-03-21,504,17:45:00,Monday,Queen Street & Roncesvalles,Mechanical,4,8,NB,4041
2016-03-21,512,19:02:00,Monday,St. Clair West Subway Station,Mechanical,50,54,E/B,4059
2016-03-21,501,21:57:00,Monday,Humber Loop,Investigation,9,18,W/B,4046
2016-03-21,512,23:16:00,Monday,St. Clair w station,Investigation,6,12,W/B,4066
2016-03-21,504,23:18:00,Monday,Jarvis and King,Mechanical,24,27,E/B,4101
2016-03-22,501,00:02:00,Tuesday,Long Branch Loop,Mechanical,9,18,E/B,4071
2016-03-22,501,05:52:00,Tuesday,Longbranch Loop,Mechanical,22,32,E/B,4112
2016-03-22,501,06:40:00,Tuesday,Roncesvalles Carhouse.,Mechanical,5,10,W/B,4214
2016-03-22,501,06:58:00,Tuesday,Queen at Carroll,Held By,3,8,E/B,4224
2016-03-22,504,06:59:00,Tuesday,Roncesvalles and Queen,Investigation,14,18,N/B,4135
2016-03-22,501,07:12:00,Tuesday,Neville Loop,Held By,8,13,W/B,4207
2016-03-22,501,07:18:00,Tuesday,Queen @ Niagara,Mechanical,4,9,E/B,4205
2016-03-22,504,07:31:00,Tuesday,Queen @ Church,Utilized Off Route,10,20,E/B,163242
2016-03-22,501,08:25:00,Tuesday,Humber Loop,Mechanical,5,10,E/B,4223
2016-03-22,506,08:54:00,Tuesday,College and Spadina,Held By,11,17,B/W,4020
2016-03-22,501,09:49:00,Tuesday,Queensway at Roncesvalles,Held By,4,9,E/B,4026
2016-03-22,510,10:36:00,Tuesday,Spadina @ Sullivan,Investigation,35,40,S/B,4220
2016-03-22,504,10:48:00,Tuesday,Roncesvalles and Howard Park,Emergency Services,17,22,S/B,4176
2016-03-22,509,11:53:00,Tuesday,Union Stn,Utilized Off Route,6,12,W/B,4411
2016-03-22,505,14:51:00,Tuesday,Dundas  West Stn,Investigation,6,12,E/B,4072
2016-03-22,511,15:41:00,Tuesday,Bathust and King,Mechanical,43,47,N/B,4103
2016-03-22,503,16:08:00,Tuesday,Bingham Loop,Mechanical,12,18,W/B,7745
2016-03-22,506,17:00:00,Tuesday,Danforth and Main,General Delay,17,20,W/B,4141
2016-03-22,504,17:37:00,Tuesday,Spadina and King,Mechanical,16,20,W/B,4083
2016-03-22,512,18:14:00,Tuesday,St Clair and Oakwood,Mechanical,4,8,E/B,4194
2016-03-22,504,18:30:00,Tuesday,Gerrard and Broadview,Mechanical,4,8,S/B,4018
2016-03-22,506,21:54:00,Tuesday,Grace & College St.,Investigation,8,17,W/B,4099
2016-03-23,501,00:09:00,Wednesday,Humber Loop,Investigation,9,18,E/B,4208
2016-03-23,510,00:35:00,Wednesday,spadina station,Mechanical,7,14,S/B,4407
2016-03-23,506,06:08:00,Wednesday,gerrard/coxwell,Mechanical,7,13,E/B,4060
2016-03-23,506,06:36:00,Wednesday,Carlton and Church,Mechanical,5,11,W/B,4061
2016-03-23,501,06:40:00,Wednesday,Roncesvalles Carhouse.,Mechanical,5,10,W/B,4207
2016-03-23,512,07:27:00,Wednesday,St.Clair and Bathurst,Investigation,3,6,E/B,4183
2016-03-23,50,10:47:00,Wednesday,College and Bathurst,Mechanical,5,11,W/B,4037
2016-03-23,506,11:01:00,Wednesday,Gerrard and Segrassi,Mechanical,23,28,E/B,4033
2016-03-23,506,11:55:00,Wednesday,Gerrard and River,Investigation,29,24,W/B,4024
2016-03-23,509,13:04:00,Wednesday,Union Stn,Utilized Off Route,6,12,W/B,4413
2016-03-23,504,16:14:00,Wednesday,King/Niagara,Mechanical,4,8,E/B,1546
2016-03-23,501,16:17:00,Wednesday,Lakeshore at 10th St,Held By,44,54,W/B,4184
2016-03-23,504,17:57:00,Wednesday,Kingston/Southwood,Investigation,22,34,E/B,7737
2016-03-23,504,19:17:00,Wednesday,King/Shaw,Mechanical,4,8,W/B,4113
2016-03-23,504,20:30:00,Wednesday,King from Roncy to Broadview,General Delay,30,35,B/W,4198
2016-03-23,506,20:33:00,Wednesday,Main Station,Mechanical,6,10,E/B,4102
2016-03-23,509,21:33:00,Wednesday,CNE to Bathurst,Mechanical,10,20,B/W,1822
2016-03-23,505,21:37:00,Wednesday,broadview/dundas,Investigation,14,21,W/B,4159
2016-03-24,501,00:28:00,Thursday,Kipling & Lakeshore,Mechanical,9,18,W/B,4249
2016-03-24,504,01:01:00,Thursday,King and Dufferin,Investigation,48,38,E/B,4091
2016-03-24,501,02:01:00,Thursday,Greenwood & Queen,Mechanical,9,18,E/B,4228
2016-03-24,301,03:25:00,Thursday,10th & Lakeshore,Investigation,15,24,E/B,4217
2016-03-24,501,04:30:00,Thursday,russell carhouse/yard,General Delay,1,1,B/W,
2016-03-24,301,04:43:00,Thursday,Queen at Carlaw,Held By,32,1,E/B,4115
2016-03-24,510,04:51:00,Thursday,Leslie Barns,Late Leaving Garage,10,22,N/B,4417
2016-03-24,505,05:00:00,Thursday,High Park Loop to Broadview Stn,General Delay,20,15,B/W,
2016-03-24,510,05:01:00,Thursday,Leslie yard,Late Leaving Garage,10,20,N/B,4408
2016-03-24,509,05:19:00,Thursday,Leslie Yard,Late Leaving Garage,10,20,N/B,4416
2016-03-24,511,05:20:00,Thursday,Bathurst and Fleet,Mechanical,18,0,S/B,4171
2016-03-24,510,05:34:00,Thursday,Leslie Yard,Late Leaving Garage,10,20,N/B,4403
2016-03-24,506,05:42:00,Thursday,Roncesvalles Carhouse.,Late Leaving Garage,5,10,W/B,4113
2016-03-24,511,05:53:00,Thursday,Roncesvalles Carhouse.,Late Leaving Garage,5,10,S/B,4185
2016-03-24,510,06:04:00,Thursday,Leslie Yard,Late Leaving Garage,10,20,N/B,4412
2016-03-24,511,06:06:00,Thursday,Roncesvales Carhouse.,Late Leaving Garage,5,10,S/B,4154
2016-03-24,510,06:09:00,Thursday,Leslie Yard,Late Leaving Garage,5,10,N/B,4408
2016-03-24,511,06:30:00,Thursday,Dundas and Bathurst,Utilized Off Route,5,10,N/B,4154
2016-03-24,512,06:39:00,Thursday,St. Clair Station,Mechanical,9,12,E/B,4117
2016-03-24,509,06:39:00,Thursday,Bathurst and Fleet,Mechanical,5,10,W/B,4147
2016-03-24,504,06:43:00,Thursday,King and Shaw,Mechanical,4,8,W/B,4069
2016-03-24,504,06:48:00,Thursday,Roncesvalles and Boustead,Mechanical,6,12,S/B,4094
2016-03-24,501,07:00:00,Thursday,Roncesvalles Carhouse.,Mechanical,12,22,W/B,4167
2016-03-24,501,07:13:00,Thursday,Queen at Connaught,Mechanical,10,16,E/B,4208
2016-03-24,506,07:16:00,Thursday,Roncesvalles Carhouse.,Mechanical,4,7,E/B,4071
2016-03-24,501,07:27:00,Thursday,Queen at Scarboro Beach Blvd,Mechanical,15,20,W/B,4148
2016-03-24,501,07:33:00,Thursday,Neville Loop,Mechanical,5,10,W/B,4230
2016-03-24,506,07:37:00,Thursday,Howard park and Dundas,Mechanical,16,20,E/B,4076
2016-03-24,505,07:45:00,Thursday,Howard Park @ Dundas W,Mechanical,8,14,E/B,4049
2016-03-24,504,07:50:00,Thursday,King and Bathurst,Mechanical,4,8,W/B,4003
2016-03-24,510,08:00:00,Thursday,Spadina Stn,Mechanical,5,10,E/B,4413
2016-03-24,501,08:30:00,Thursday,Queensway at Sunnyside loop,Investigation,4,10,W/B,4222
2016-03-24,504,08:40:00,Thursday,Queen and Roncesvalles,Investigation,20,24,W/B,4038
2016-03-24,512,08:43:00,Thursday,St. Clair and Duffrin,Mechanical,8,12,E/B,4199
2016-03-24,511,09:10:00,Thursday,Bathurst and Wellington,Held By,3,8,S/B,4163
2016-03-24,504,09:11:00,Thursday,King and Dowling,Mechanical,26,30,E/B,4044
2016-03-24,511,09:19:00,Thursday,Bathurst and Lennox,Held By,2,7,S/B,4171
2016-03-24,512,09:50:00,Thursday,St. Clair West Station,Mechanical,14,18,W/B,4156
2016-03-24,501,10:01:00,Thursday,Queen at Winners Circle,Mechanical,42,47,E/B,4217
2016-03-24,501,10:05:00,Thursday,Queen at Wilson Park,Mechanical,5,11,E/B,4106
2016-03-24,510,10:42:00,Thursday,Adelaide and Charlotte,Held By,5,10,B/W,4417
2016-03-24,501,10:51:00,Thursday,Queen east at King east,Mechanical,5,11,E/B,4012
2016-03-24,501,11:16:00,Thursday,Queen at Knox,Mechanical,25,31,E/B,4247
2016-03-24,504,11:19:00,Thursday,King and Queen,Held By,9,14,E/B,4066
2016-03-24,504,11:59:00,Thursday,Dundas West Station,Mechanical,4,8,W/B,23
2016-03-24,501,12:53:00,Thursday,Ohara Street,Mechanical,5,10,W/B,4236
2016-03-24,510,13:30:00,Thursday,Spadina & Front,Mechanical,6,12,S/B,2322
2016-03-24,509,13:53:00,Thursday,Fleet St east of Fleet Loop,Mechanical,39,45,E/B,4021
2016-03-24,505,14:10:00,Thursday,Dundas @ Yonge Str,Emergency Services,6,12,W/B,4087
2016-03-24,504,14:23:00,Thursday,Roncy/Queen,Mechanical,4,8,W/B,
2016-03-24,504,14:33:00,Thursday,King/Jarvis,Mechanical,4,8,E/B,4055
2016-03-24,511,14:34:00,Thursday,Fleet Loop,Mechanical,102,106,E/B,4163
2016-03-24,504,15:03:00,Thursday,King/Dufferin,Mechanical,4,8,E/B,4121
2016-03-24,506,15:31:00,Thursday,Main to High Park,Mechanical,19,24,E/B,4033
2016-03-24,504,15:32:00,Thursday,King/Atlantic,Investigation,4,8,E/B,4160
2016-03-24,504,15:52:00,Thursday,DW Stn,Mechanical,4,8,E/B,4083
2016-03-24,512,15:57:00,Thursday,Roncesvalles Yard,Mechanical,4,8,N/B,4076
2016-03-24,512,15:57:00,Thursday,Roncesvalles Yard,Mechanical,4,8,N/B,4183
2016-03-24,510,16:00:00,Thursday,king/spadina,Mechanical,35,40,S/B,4406
2016-03-24,504,16:52:00,Thursday,Bloor/Roncesvalles,Mechanical,4,8,E/B,4203
2016-03-24,509,18:11:00,Thursday,Spadina / Queens Quay loop,Utilized Off Route,5,5,E/B,4147
2016-03-24,510,18:36:00,Thursday,spadina tunnel entrance,Mechanical,15,20,N/B,4213
2016-03-24,510,19:12:00,Thursday,harbord/bathurst,Investigation,11,16,N/B,4410
2016-03-24,504,19:25:00,Thursday,King/Trinity,Mechanical,4,8,W/B,4143
2016-03-24,504,19:45:00,Thursday,Roncy/Queen,Investigation,4,8,W/B,4160
2016-03-24,504,20:00:00,Thursday,King broadview to Dundas west,General Delay,50,55,B/W,4203
2016-03-24,506,20:00:00,Thursday,College High park to main station,General Delay,50,58,B/W,4203
2016-03-24,504,20:28:00,Thursday,King and Ontario,Diversion,195,200,B/W,4003
2016-03-24,501,20:30:00,Thursday,Neville Park Loop to Long Branch Loop,General Delay,50,60,B/W,
2016-03-24,512,20:32:00,Thursday,St Clair and Yonge St.,Investigation,10,14,W/B,7626
2016-03-24,505,21:22:00,Thursday,parlament/dundas,Mechanical,7,14,E/B,4013
2016-03-24,504,21:30:00,Thursday,Broadview and Dundas,Diversion,30,35,W/B,4198
2016-03-24,501,21:31:00,Thursday,Lockwood Ave - Neville Park,Mechanical,43,48,E/B,4251
2016-03-24,510,21:47:00,Thursday,spadina/front,Mechanical,7,14,S/B,4413
2016-03-24,510,21:50:00,Thursday,spadina/front,Mechanical,7,14,N/B,4403
2016-03-25,506,00:55:00,Friday,High Park to Main and Back again,Mechanical,10,20,B/W,4195
2016-03-25,306,02:56:00,Friday,Broadview & Gerrard,Mechanical,56,83,E/B,4082
2016-03-25,317,04:26:00,Friday,Union Station,Mechanical,30,60,N/B,4409
2016-03-25,501,05:34:00,Friday,Humber Loop,Mechanical,10,20,W/B,4181
2016-03-25,501,07:16:00,Friday,Queen at Connaught,Mechanical,9,17,10,4236
2016-03-25,501,08:13:00,Friday,Humber loop,Mechanical,14,24,W/B,4181
2016-03-25,511,09:37:00,Friday,Bathurst and King,Mechanical,6,12,N/B,4101
2016-03-25,501,09:42:00,Friday,Queen at Shaw,Mechanical,8,16,W/B,4217
2016-03-25,501,10:00:00,Friday,Queen at Parliament,Mechanical,10,18,W/B,4208
2016-03-25,510,10:12:00,Friday,Spadina Stn.,Mechanical,4,8,S/B,4209
2016-03-25,501,10:15:00,Friday,Queen at Parliament,Mechanical,11,19,W/B,4207
2016-03-25,501,11:08:00,Friday,Queensway at Roncesvalles,Mechanical,5,10,E/B,4207
2016-03-25,501,11:12:00,Friday,Queen at Jarvis,Mechanical,15,24,E/B,4247
2016-03-25,501,11:24:00,Friday,Queen at University,Mechanical,11,21,E/B,4216
2016-03-25,509,11:39:00,Friday,Queensquay and Rees,Investigation,15,21,W/B,4409
2016-03-25,501,12:02:00,Friday,Queen at Russell Yard (west gate),Mechanical,10,15,E/B,4202
2016-03-25,505,12:08:00,Friday,Russell Yard,Held By,6,12,W/B,4115
2016-03-25,505,12:26:00,Friday,Parliament &Roncesvalles.,Investigation,6,12,E/B,4036
2016-03-25,504,13:39:00,Friday,Brdv stn,Mechanical,6,12,W/B,4190
2016-03-25,506,14:30:00,Friday,Bathurst to High Park Loop,Diversion,10,20,B/W,4071
2016-03-25,510,15:48:00,Friday,collage/spadina,Investigation,0,0,N/B,4413
2016-03-25,501,15:55:00,Friday,Beaconsfield,Mechanical,18,23,E/B,4051
2016-03-25,501,17:20:00,Friday,Humber Loop,Mechanical,8,12,W/B,4083
2016-03-25,510,17:30:00,Friday,spadina stn,Investigation,4,8,S/B,4416
2016-03-25,511,18:05:00,Friday,Bathurst and Carr,Held By,39,45,B/W,4117
2016-03-25,504,18:45:00,Friday,Roncesvalles/Galley,Mechanical,6,12,E/B,4002
2016-03-25,512,19:27:00,Friday,St Clair Line,General Delay,30,36,B/W,
2016-03-25,505,20:20:00,Friday,parlament/dundas,Mechanical,10,20,E/B,4171
2016-03-26,301,02:18:00,Saturday,Queensway @ Sunnyside,Diversion,1,1,W/B,4220
2016-03-26,512,05:00:00,Saturday,Gunn's Loop,Diversion,13,0,W/B,4057
2016-03-26,506,05:10:00,Saturday,Rocesvalles at Howard park,Late Leaving Garage,11,0,W/B,4080
2016-03-26,501,05:13:00,Saturday,Queen at Roncesvalles,Mechanical,10,20,W/B,4224
2016-03-26,501,05:13:00,Saturday,Humber Loop,Late Leaving Garage,14,24,W/B,4036
2016-03-26,511,05:14:00,Saturday,Bathdurst and fleet,General Delay,6,12,S/B,4115
2016-03-26,509,05:18:00,Saturday,Manitoba and New Brunswick Way,Mechanical,15,30,W/B,8383
2016-03-26,504,05:20:00,Saturday,Queen at Roncesvalles,Late Leaving Garage,9,18,E/B,4195
2016-03-26,501,05:23:00,Saturday,Humber Loop,Held By,20,25,W/B,4075
2016-03-26,506,05:24:00,Saturday,Roncesvalles at Howard park,Late Leaving Garage,14,28,E/B,4058
2016-03-26,505,05:26:00,Saturday,Dundas west station,Late Leaving Garage,12,0,E/B,4119
2016-03-26,504,05:29:00,Saturday,Roncesvalles at Queen,Late Leaving Garage,9,18,W/B,4085
2016-03-26,511,05:30:00,Saturday,Bathurst Station,General Delay,9,18,N/B,4002
2016-03-26,501,05:30:00,Saturday,Queen and Connaught,Mechanical,6,12,W/B,4215
2016-03-26,501,05:33:00,Saturday,Humber loop,Held By,10,20,W/B,4088
2016-03-26,505,05:36:00,Saturday,Dundas West station,Late Leaving Garage,10,15,E/B,4044
2016-03-26,504,05:38:00,Saturday,Roncesvalles at Queen,Late Leaving Garage,9,18,W/B,4190
2016-03-26,501,05:52:00,Saturday,Queen at Roncesvalles,Held By,7,15,E/B,4217
2016-03-26,511,06:02:00,Saturday,Bathdurst and fleet,General Delay,6,12,S/B,4184
2016-03-26,505,06:45:00,Saturday,Broadview Stn,Mechanical,10,20,S/B,4139
2016-03-26,501,07:04:00,Saturday,Connaught and Queen,Mechanical,6,12,E/B,4217
2016-03-26,512,09:00:00,Saturday,Lansdowne Loop,Mechanical,5,10,W/B,4153
2016-03-26,511,09:03:00,Saturday,Bathurst at King,Late Leaving Garage,4,9,S/B,4185
2016-03-26,504,09:04:00,Saturday,Queen at Roncesvalles,Late Leaving Garage,5,10,W/B,4078
2016-03-26,512,09:24:00,Saturday,Oakwood Loop,Mechanical,5,10,E/B,4101
2016-03-26,505,09:34:00,Saturday,Degrassi &  Queen,Mechanical,7,14,W/B,4087
2016-03-26,504,10:07:00,Saturday,Broadview and Gerrard,Held By,6,11,S/B,4015
2016-03-26,505,10:48:00,Saturday,Broadview/Gerrard,Held By,7,14,W/B,4060
2016-03-26,512,11:16:00,Saturday,St Clair & Lansdown,Mechanical,5,10,W/B,4177
2016-03-26,501,11:30:00,Saturday,Russell Garage,Late Leaving Garage,6,12,W/B,501
2016-03-26,501,11:32:00,Saturday,Queen and Roncevalles,Mechanical,6,12,E/B,4241
2016-03-26,501,11:54:00,Saturday,Queen and Roncevalles,Mechanical,6,12,W/B,4299
2016-03-26,50,12:02:00,Saturday,Gerrard and Broadview,Investigation,40,46,W/B,4071
2016-03-26,504,12:17:00,Saturday,King/Spadina,Mechanical,5,9,E/B,4081
2016-03-26,501,12:43:00,Saturday,Queen and Church,Mechanical,10,20,W/B,4041
2016-03-26,504,13:16:00,Saturday,King/Spadina,Investigation,86,91,W/B,4131
2016-03-26,501,13:39:00,Saturday,Queensway and Roncesvalles,Mechanical,4,8,W/B,4163
2016-03-26,501,14:15:00,Saturday,Queensway and Roncesvalles,Mechanical,4,9,E/B,4187
2016-03-26,501,15:40:00,Saturday,Queen and Bathurst,Investigation,10,20,W/B,4092
2016-03-26,506,16:20:00,Saturday,yonge/college,Mechanical,6,12,W/B,4191
2016-03-26,506,16:30:00,Saturday,college / bay,General Delay,6,12,W/B,4114
2016-03-26,505,17:05:00,Saturday,spadina/dundas,Investigation,1,1,E/B,4106
2016-03-26,501,17:25:00,Saturday,Leslie and Queen,Mechanical,5,10,W/B,4086
2016-03-26,501,17:42:00,Saturday,Queen and Dufferin,Emergency Services,6,12,W/B,4047
2016-03-26,504,19:56:00,Saturday,King/John,Investigation,5,12,E/B,4096
2016-03-26,504,21:50:00,Saturday,King at Queen,Mechanical,28,34,W/B,4066
2016-03-26,501,23:45:00,Saturday,Kingston rd and Queen,Mechanical,9,18,W/B,4247
2016-03-27,504,01:33:00,Sunday,King & Spadina,Emergency Services,10,16,W/B,4156
2016-03-27,301,02:41:00,Sunday,Beaconsfield and Queen,General Delay,8,17,W/B,4068
2016-03-27,504,06:09:00,Sunday,Roncesvalles and Boustead,Mechanical,9,18,E/B,4049
2016-03-27,504,07:20:00,Sunday,Broadview Stn,Investigation,9,18,W/B,4176
2016-03-27,505,08:29:00,Sunday,Roncesvalles Yard,Mechanical,8,15,N/B,4060
2016-03-27,501,13:05:00,Sunday,Queen St at Kingston Rd,General Delay,5,10,E/B,4224
2016-03-27,504,15:27:00,Sunday,Roncesvalles/Queen,Mechanical,6,12,W/B,4082
2016-03-27,509,17:30:00,Sunday,Fleet Loop to Union Station,Mechanical,15,20,E/B,4412
2016-03-27,506,18:55:00,Sunday,Landsdown To Main Station,Mechanical,12,20,E/B,4183
2016-03-28,301,04:10:00,Monday,Queen at Spadina,Held By,38,1,W/B,4207
2016-03-28,301,04:52:00,Monday,Queensway  at Roncesvalles,Investigation,42,1,E/B,4203
2016-03-28,504,04:56:00,Monday,Roncesvalles Yard.,Late Leaving Garage,5,10,W/B,4099
2016-03-28,512,04:56:00,Monday,Roncesvalles Yard.,Late Leaving Garage,5,10,E/B,4128
2016-03-28,501,04:58:00,Monday,Roncesvalles Yard.,Late Leaving Garage,12,24,W/B,4249
2016-03-28,512,04:59:00,Monday,Roncesvalles Yard.,Late Leaving Garage,4,8,W/B,4002
2016-03-28,501,05:01:00,Monday,Roncesvalles Yard.,Late Leaving Garage,18,30,W/B,4070
2016-03-28,512,05:03:00,Monday,Roncesvalles Yard.,Late Leaving Garage,4,8,E/B,4075
2016-03-28,512,05:03:00,Monday,Roncesvalles Yard.,Late Leaving Garage,4,8,W/B,4183
2016-03-28,506,05:06:00,Monday,Roncesvalles Yard,Late Leaving Garage,4,8,E/B,4193
2016-03-28,506,05:07:00,Monday,Roncesvalles Yard.,Late Leaving Garage,5,10,E/B,4184
2016-03-28,504,05:09:00,Monday,Roncesvalles Yard.,Late Leaving Garage,5,10,W/B,4115
2016-03-28,512,05:10:00,Monday,Roncesvalles Yard.,Late Leaving Garage,5,10,E/B,4156
2016-03-28,512,05:13:00,Monday,Roncesvalles Yard.,Late Leaving Garage,5,10,W/B,4158
2016-03-28,504,05:15:00,Monday,Roncesvalles Yard.,Late Leaving Garage,5,10,W/B,4111
2016-03-28,512,05:17:00,Monday,Roncesvalles Yard.,Late Leaving Garage,4,8,E/B,4154
2016-03-28,501,05:20:00,Monday,Roncesvalles Yard.,Late Leaving Garage,3,13,W/B,4230
2016-03-28,506,05:32:00,Monday,Roncesvalles Yard,Late Leaving Garage,4,8,E/B,4042
2016-03-28,512,05:33:00,Monday,Roncesvalles Yard,Late Leaving Garage,4,8,W/B,4035
2016-03-28,506,05:33:00,Monday,Roncesvalles Yard,Late Leaving Garage,4,8,E/B,4167
2016-03-28,506,05:36:00,Monday,Roncesvalles Yard,Late Leaving Garage,4,8,E/B,4082
2016-03-28,501,05:40:00,Monday,Roncesvalles Yard.,Late Leaving Garage,5,10,W/B,4247
2016-03-28,504,05:48:00,Monday,Roncesvalles Yard,Late Leaving Garage,4,8,W/B,4199
2016-03-28,504,05:50:00,Monday,Broadview and Dundas,Held By,88,92,S/B,4168
2016-03-28,504,05:53:00,Monday,Roncesvalles Yard,Late Leaving Garage,4,8,W/B,4160
2016-03-28,505,05:58:00,Monday,Broadview @ Dundas,Investigation,76,82,S/B,4043
2016-03-28,504,06:02:00,Monday,Roncesvalles Yard,Late Leaving Garage,4,8,W/B,4026
2016-03-28,512,06:08:00,Monday,Bathurst and St.Clair,Mechanical,5,9,E/B,4156
2016-03-28,501,06:09:00,Monday,Queensway at Roncesvalles,Investigation,4,14,E/B,4216
2016-03-28,506,06:09:00,Monday,Roncesvalles Yard,Late Leaving Garage,4,8,E/B,4163
2016-03-28,504,06:17:00,Monday,Roncesvalles Yard,Late Leaving Garage,4,8,W/B,4037
2016-03-28,501,06:25:00,Monday,Roncesvalles Yard.,Late Leaving Garage,10,20,W/B,4201
2016-03-28,504,06:25:00,Monday,Broadview at Dundas,Utilized Off Route,4,8,S/B,4159
2016-03-28,501,06:28:00,Monday,Queensway at Roncesvalles,Investigation,4,10,E/B,4221
2016-03-28,501,06:29:00,Monday,Roncesvalles Yard.,Late Leaving Garage,5,10,W/B,4244
2016-03-28,506,06:29:00,Monday,Roncesvalles Yard,Late Leaving Garage,4,8,E/B,4057
2016-03-28,501,06:35:00,Monday,Roncesvalles Yard.,Late Leaving Garage,10,30,W/B,4215
2016-03-28,506,07:01:00,Monday,Roncesvalles Yard,Late Leaving Garage,4,8,E/B,4135
2016-03-28,510,07:04:00,Monday,Spadina Stn,Mechanical,3,6,S/B,
2016-03-28,501,07:08:00,Monday,Queen at Roncesvalles,Mechanical,5,10,W/B,4241
2016-03-28,510,07:25:00,Monday,Russell Yard,Late Leaving Garage,4,8,W/B,4219
2016-03-28,506,07:26:00,Monday,Coxwell amd Gerrard,Mechanical,5,10,E/B,4121
2016-03-28,504,07:48:00,Monday,Roncesvalles Yard,Late Leaving Garage,4,8,W/B,4129
2016-03-28,510,08:30:00,Monday,Russell Yard,Late Leaving Garage,4,8,W/B,4054
2016-03-28,505,08:44:00,Monday,High Park Loop,Mechanical,6,12,E/B,4058
2016-03-28,503,09:50:00,Monday,Bingham Loop,Mechanical,22,44,S/B,7711
2016-03-28,501,11:18:00,Monday,Queen at Broadview,Mechanical,5,10,W/B,4041
2016-03-28,506,12:29:00,Monday,Gerrard and Coxwell,Mechanical,5,10,E/B,4036
2016-03-28,501,14:15:00,Monday,Queen at Bay St,Investigation,23,28,E/B,4230
2016-03-28,505,14:55:00,Monday,Russell Yard,Held By,6,12,W/B,4033
2016-03-28,504,16:04:00,Monday,Queen and Roncy,Mechanical,4,8,E/B,4041
2016-03-28,510,17:48:00,Monday,Spadina Station,Investigation,16,19,S/B,4203
2016-03-28,506,18:40:00,Monday,Gerrard / Sackville,Investigation,20,26,W/B,4036
2016-03-28,506,18:56:00,Monday,Gerrard &  Broadview,Investigation,26,32,W/B,4178
2016-03-28,501,19:55:00,Monday,queen street west/ brock,Emergency Services,6,12,B/W,4110
2016-03-28,501,20:09:00,Monday,queen and strachan,Emergency Services,6,12,W/B,4039
2016-03-28,501,22:06:00,Monday,parliament / queen east,Emergency Services,6,12,B/W,4191
2016-03-29,504,01:56:00,Tuesday,King and Spadina,Diversion,1,1,E/B,4094
2016-03-29,504,01:57:00,Tuesday,King and York,Diversion,1,1,W/B,4106
2016-03-29,504,04:55:00,Tuesday,Roncesvalles Yard.,Late Leaving Garage,5,10,W/B,4149
2016-03-29,512,05:03:00,Tuesday,Roncesvalles Yard.,Late Leaving Garage,3,6,W/B,4110
2016-03-29,512,05:03:00,Tuesday,Roncesvalles Yard,Late Leaving Garage,4,8,E/B,4159
2016-03-29,501,05:04:00,Tuesday,Roncesvalles Yard.,Late Leaving Garage,10,20,W/B,4170
2016-03-29,506,05:05:00,Tuesday,Roncesvalles Yard,Late Leaving Garage,3,6,E/B,4185
2016-03-29,506,05:07:00,Tuesday,Roncesvalles Yard.,Late Leaving Garage,4,7,E/B,4067
2016-03-29,504,05:09:00,Tuesday,Roncesvalles Yard.,Late Leaving Garage,4,8,W/B,4042
2016-03-29,512,05:10:00,Tuesday,Roncesvalles Yard.,Late Leaving Garage,3,6,E/B,4026
2016-03-29,501,05:10:00,Tuesday,Roncesvalles Yard.,Late Leaving Garage,10,20,W/B,4111
2016-03-29,512,05:12:00,Tuesday,Roncesvalles Yard.,Late Leaving Garage,4,8,W/B,4102
2016-03-29,512,05:13:00,Tuesday,Roncesvalles Yard.,Late Leaving Garage,3,6,W/B,4199
2016-03-29,504,05:15:00,Tuesday,Roncesvalles Yard.,Late Leaving Garage,3,6,W/B,4068
2016-03-29,512,05:17:00,Tuesday,Roncesvalles Yard.,Late Leaving Garage,3,6,W/B,4078
2016-03-29,504,05:19:00,Tuesday,Roncesvalles Yard.,Late Leaving Garage,3,6,W/B,4058
2016-03-29,501,05:20:00,Tuesday,Roncesvalles Yard,Late Leaving Garage,5,10,W/B,4239
2016-03-29,506,05:21:00,Tuesday,Roncesvalles Yard.,Late Leaving Garage,4,7,E/B,4176
2016-03-29,505,05:22:00,Tuesday,Roncesvalles Yard.,Late Leaving Garage,4,8,E/B,4114
2016-03-29,504,05:22:00,Tuesday,Roncesvalles Yard.,Late Leaving Garage,4,8,W/B,4108
2016-03-29,512,05:23:00,Tuesday,Roncesvalles Yard.,Late Leaving Garage,4,8,W/B,4002
2016-03-29,506,05:25:00,Tuesday,Roncesvalles Yard.,Late Leaving Garage,4,7,E/B,4010
2016-03-29,501,05:26:00,Tuesday,Roncesvalles Yard,Late Leaving Garage,5,10,W/B,4244
2016-03-29,501,05:26:00,Tuesday,Roncesvalles Yard,Late Leaving Garage,5,10,W/B,4244
2016-03-29,506,05:27:00,Tuesday,Roncesvalles Yard.,Late Leaving Garage,4,7,W/B,4090
2016-03-29,512,05:29:00,Tuesday,Roncesvalles Yard.,Late Leaving Garage,3,6,W/B,4152
2016-03-29,512,05:29:00,Tuesday,Roncesvalles Yard.,Late Leaving Garage,3,6,W/B,4197
2016-03-29,501,05:30:00,Tuesday,Roncesvalles Yard.,Late Leaving Garage,3,6,W/B,4119
2016-03-29,504,05:30:00,Tuesday,Roncesvalles Yard.,Late Leaving Garage,3,6,W/B,4044
2016-03-29,506,05:32:00,Tuesday,Roncesvalles Yard.,Late Leaving Garage,5,10,W/B,4179
2016-03-29,512,05:33:00,Tuesday,Roncesvalles Yard.,Late Leaving Garage,4,8,W/B,4173
2016-03-29,512,05:33:00,Tuesday,Ronc. Yard.,Late Leaving Garage,4,8,E/B,4046
2016-03-29,504,05:34:00,Tuesday,Ronc. Yard.,Late Leaving Garage,3,6,W/B,4085
2016-03-29,505,05:34:00,Tuesday,Ronc. Yard.,Late Leaving Garage,4,8,E/B,4135
2016-03-29,506,05:36:00,Tuesday,Ronc. Yard.,Late Leaving Garage,4,7,E/B,4129
2016-03-29,504,05:37:00,Tuesday,Ronc. Yard.,Late Leaving Garage,3,6,W/B,4147
2016-03-29,501,05:40:00,Tuesday,Roncesvalles Yard,Late Leaving Garage,5,10,W/B,4201
2016-03-29,504,05:40:00,Tuesday,Ronc. Yard.,Late Leaving Garage,3,6,W/B,4148
2016-03-29,504,05:40:00,Tuesday,Ronc. Yard.,Late Leaving Garage,3,6,W/B,4148
2016-03-29,512,05:44:00,Tuesday,Ronc. Yard.,Late Leaving Garage,3,6,E/B,4075
2016-03-29,504,05:48:00,Tuesday,Ronc. Yard.,Late Leaving Garage,3,6,W/B,4164
2016-03-29,506,05:51:00,Tuesday,RONC Yard.,Late Leaving Garage,4,7,E/B,4047
2016-03-29,504,05:53:00,Tuesday,Ronc. Yard.,Late Leaving Garage,3,6,W/B,4069
2016-03-29,506,05:57:00,Tuesday,Ronc. Yard.,Late Leaving Garage,4,7,E/B,4172
2016-03-29,504,05:58:00,Tuesday,Jones and Queen,Mechanical,4,8,W/B,4120
2016-03-29,504,06:02:00,Tuesday,Ronc. Yard.,Late Leaving Garage,3,6,W/B,4136
2016-03-29,506,06:03:00,Tuesday,Ronc. Yard.,Late Leaving Garage,4,7,E/B,4065
2016-03-29,506,06:09:00,Tuesday,Roncesvalles Yard,Late Leaving Garage,3,6,E/B,4113
2016-03-29,504,06:10:00,Tuesday,Roncesvalles Yard,Late Leaving Garage,4,8,E/B,4061
2016-03-29,505,06:10:00,Tuesday,Roncesvalles Yard,Late Leaving Garage,4,8,E/B,4070
2016-03-29,504,06:17:00,Tuesday,Roncesvalles Yard,Late Leaving Garage,4,7,W/B,4106
2016-03-29,506,06:17:00,Tuesday,Roncesvalles yard,Late Leaving Garage,3,6,E/B,4035
2016-03-29,504,06:18:00,Tuesday,Roncy Yard,Mechanical,4,8,E/B,4147
2016-03-29,504,06:20:00,Tuesday,Roncesvalles Yard,Late Leaving Garage,4,7,W/B,4156
2016-03-29,501,06:25:00,Tuesday,Roncesvalles Yard,Late Leaving Garage,5,10,W/B,4215
2016-03-29,501,06:29:00,Tuesday,Roncesvalles Yard,Late Leaving Garage,5,10,W/B,4216
2016-03-29,504,06:32:00,Tuesday,roncesvalles Yard,Late Leaving Garage,4,7,W/B,4185
2016-03-29,505,06:35:00,Tuesday,Roncesvalles Carhouse,Late Leaving Garage,6,12,N/B,4045
2016-03-29,501,06:35:00,Tuesday,Roncesvalles Yard,Late Leaving Garage,5,10,W/B,4223
2016-03-29,501,06:45:00,Tuesday,Roncesvalles Yard,Late Leaving Garage,5,10,W/B,4188
2016-03-29,506,07:01:00,Tuesday,Roncesvalles Yard,Late Leaving Garage,3,6,E/B,4163
2016-03-29,501,07:02:00,Tuesday,Queen at Legion,Investigation,44,54,W/B,4170
2016-03-29,504,07:30:00,Tuesday,King St,General Delay,25,30,B/W,
2016-03-29,509,07:48:00,Tuesday,Bathurst and Fleet,Mechanical,5,10,W/B,4417
2016-03-29,504,07:48:00,Tuesday,Roncesvalles Yard,Late Leaving Garage,4,8,W/B,4032
2016-03-29,504,09:18:00,Tuesday,Spadina and Richmond,Mechanical,4,8,S/B,4085
2016-03-29,510,09:23:00,Tuesday,Spadina @ Richmond,Mechanical,17,21,S/B,4404
2016-03-29,505,10:44:00,Tuesday,Broadview Station,Utilized Off Route,6,12,S/B,4086
2016-03-29,504,13:04:00,Tuesday,Roncy and Queen,General Delay,8,12,E/B,4108
2016-03-29,512,13:41:00,Tuesday,Gunns Loop,Mechanical,5,10,W/B,4131
2016-03-29,505,14:29:00,Tuesday,Broadview @ Millbrook,Held By,5,11,S/B,4035
2016-03-29,510,14:50:00,Tuesday,Spadina Stn,Mechanical,4,8,S/B,4033
2016-03-29,501,15:00:00,Tuesday,Humber to Neville,General Delay,5,10,B/W,4168
2016-03-29,501,15:03:00,Tuesday,Queen at Parliament,Diversion,5,10,E/B,4228
2016-03-29,504,15:04:00,Tuesday,Carrol Street,Investigation,8,12,E/B,4025
2016-03-29,510,15:32:00,Tuesday,"Spadina,  N of Dundas",Investigation,57,63,S/B,4408
2016-03-29,504,16:07:00,Tuesday,Dufferin,Mechanical,4,8,E/B,4198
2016-03-29,506,18:57:00,Tuesday,Coxwell to Parliament (on Gerrard),Diversion,15,20,W/B,4040
2016-03-29,505,21:35:00,Tuesday,"Broadview, south of Danforth",Held By,17,24,B/W,4037
2016-03-29,504,21:35:00,Tuesday,Broadview and Dundas,Diversion,17,21,B/W,4156
2016-03-30,506,04:52:00,Wednesday,Roncesvalles Yard.,Late Leaving Garage,15,0,E/B,4045
2016-03-30,501,04:52:00,Wednesday,Roncesvalles Yard.,Late Leaving Garage,13,23,W/B,4157
2016-03-30,504,04:56:00,Wednesday,Roncesvalles Yard.,Late Leaving Garage,16,21,W/B,4175
2016-03-30,501,05:04:00,Wednesday,Roncesvalles Yard.,Late Leaving Garage,16,28,W/B,4198
2016-03-30,506,05:06:00,Wednesday,Roncesvalles Yard,Late Leaving Garage,4,7,E/B,4045
2016-03-30,506,05:07:00,Wednesday,Roncesvalles Yard.,Late Leaving Garage,10,25,E/B,4199
2016-03-30,501,05:10:00,Wednesday,Roncesvalles Yard.,Late Leaving Garage,10,20,W/B,4073
2016-03-30,504,05:15:00,Wednesday,Roncesvalles Yard.,Late Leaving Garage,5,10,W/B,4090
2016-03-30,512,05:17:00,Wednesday,Roncesvalles Yard.,Late Leaving Garage,4,8,E/B,4147
2016-03-30,512,05:18:00,Wednesday,Roncesvalles Yard,Late Leaving Garage,4,8,W/B,4164
2016-03-30,505,05:18:00,Wednesday,Roncesvalles Yard.,Late Leaving Garage,5,10,E/B,4181
2016-03-30,504,05:19:00,Wednesday,Roncesvalles Yard.,Late Leaving Garage,4,8,W/B,4135
2016-03-30,506,05:21:00,Wednesday,Roncesvalles Yard,Late Leaving Garage,4,7,E/B,4106
2016-03-30,505,05:22:00,Wednesday,Roncesvalles Yard,Late Leaving Garage,4,8,E/B,4110
2016-03-30,504,05:22:00,Wednesday,Roncesvalles Yard,Late Leaving Garage,3,6,W/B,4155
2016-03-30,512,05:23:00,Wednesday,Roncesvalles Yard,Late Leaving Garage,4,8,W/B,4136
2016-03-30,506,05:25:00,Wednesday,Roncesvalles Yard.,Late Leaving Garage,4,7,E/B,4113
2016-03-30,501,05:26:00,Wednesday,Ronc. Yard.,Late Leaving Garage,5,10,W/B,4207
2016-03-30,506,05:27:00,Wednesday,Roncesvalles Yard,Late Leaving Garage,4,7,E/B,4046
2016-03-30,504,05:30:00,Wednesday,Roncesvalles Yard,Late Leaving Garage,3,6,W/B,4160
2016-03-30,501,05:30:00,Wednesday,Roncesvalles Yard.,Late Leaving Garage,10,20,W/B,4128
2016-03-30,506,05:32:00,Wednesday,Roncesvalles Yard.,Late Leaving Garage,4,7,E/B,4042
2016-03-30,506,05:33:00,Wednesday,Roncesvalles Yard.,Late Leaving Garage,4,7,E/B,4096
2016-03-30,505,05:34:00,Wednesday,Roncesvalles Yard.,Late Leaving Garage,4,8,E/B,4194
2016-03-30,504,05:34:00,Wednesday,Roncesvalles Yard,Late Leaving Garage,3,6,W/B,4185
2016-03-30,506,05:36:00,Wednesday,Roncesvalles Yard,Late Leaving Garage,4,7,E/B,4066
2016-03-30,504,05:40:00,Wednesday,Roncesvalles Yard.,Late Leaving Garage,3,6,W/B,4167
2016-03-30,501,05:40:00,Wednesday,Ronc. Yard.,Late Leaving Garage,5,10,W/B,4223
2016-03-30,512,05:41:00,Wednesday,Roncesvalles Yard.,Late Leaving Garage,3,6,W/B,4089
2016-03-30,504,05:48:00,Wednesday,Roncesvalles Yard,Late Leaving Garage,3,6,W/B,4104
2016-03-30,506,05:51:00,Wednesday,Roncesvalles Yard.,Late Leaving Garage,4,7,E/B,4108
2016-03-30,504,05:53:00,Wednesday,Roncesvalles Yard,Late Leaving Garage,3,6,W/B,4101
2016-03-30,506,05:57:00,Wednesday,Roncesvalles Yard,Late Leaving Garage,4,7,E/B,4047
2016-03-30,504,06:02:00,Wednesday,Roncesvalles Yard,Late Leaving Garage,3,6,W/B,4047
2016-03-30,506,06:03:00,Wednesday,Roncesvalles Yard,Late Leaving Garage,4,7,E/B,4176
2016-03-30,506,06:09:00,Wednesday,Roncesvalles Yard,Late Leaving Garage,4,7,E/B,4146
2016-03-30,504,06:10:00,Wednesday,Roncesvalles Yard,Late Leaving Garage,3,6,W/B,4188
2016-03-30,505,06:10:00,Wednesday,Roncesvalles Yard,Late Leaving Garage,4,8,E/B,4121
2016-03-30,504,06:17:00,Wednesday,Roncesvalles Yard,Late Leaving Garage,3,6,W/B,4154
2016-03-30,506,06:17:00,Wednesday,Roncesvalles Yard,Late Leaving Garage,4,7,E/B,4078
2016-03-30,501,06:25:00,Wednesday,Ronc. Yard.,Late Leaving Garage,5,10,W/B,4237
2016-03-30,506,06:29:00,Wednesday,Roncesvalles Yard,Late Leaving Garage,4,7,E/B,4170
2016-03-30,504,06:32:00,Wednesday,Roncesvalles Yard,Late Leaving Garage,3,6,W/B,4126
2016-03-30,505,06:35:00,Wednesday,Roncesvalles Yard,Late Leaving Garage,4,8,E/B,4153
2016-03-30,501,06:35:00,Wednesday,Roncesvalles Yard.,Late Leaving Garage,5,10,W/B,4239
2016-03-30,512,06:42:00,Wednesday,St Clair & Dufferin,Mechanical,3,9,E/B,4183
2016-03-30,501,06:45:00,Wednesday,Roncesvalles Yard.,Late Leaving Garage,6,16,W/B,4203
2016-03-30,505,06:47:00,Wednesday,Parliament north of Dundas,Investigation,6,11,N/B,4194
2016-03-30,504,07:00:00,Wednesday,King St,General Delay,25,30,B/W,
2016-03-30,506,07:01:00,Wednesday,Roncesvalles Yard,Late Leaving Garage,4,7,E/B,4177
2016-03-30,504,08:45:00,Wednesday,King and Chursch,Diversion,25,30,B/W,
2016-03-30,512,08:52:00,Wednesday,St Clair & Oakwood,Utilized Off Route,3,6,W/B,4044
2016-03-30,501,10:09:00,Wednesday,Queen at University,Diversion,98,104,E/B,4239
2016-03-30,502,10:12:00,Wednesday,Queen at Victoria,Diversion,95,105,W/B,7858
2016-03-30,504,10:15:00,Wednesday,McCaul and Queen/ Dundas and Broadview,Diversion,40,45,B/W,
2016-03-30,502,10:58:00,Wednesday,Bingham Loop,Mechanical,10,20,W/B,7847
2016-03-30,510,11:30:00,Wednesday,Spadina @ Queen,Mechanical,4,8,N/B,4209
2016-03-30,501,11:36:00,Wednesday,Mccaul at Dundas,Mechanical,10,15,E/B,4204
2016-03-30,505,11:37:00,Wednesday,Dundas @ McCaul,Held By,8,14,E/B,4181
2016-03-30,505,11:40:00,Wednesday,Dundas @ Jarvis,Held By,70,76,B/W,4192
2016-03-30,505,11:40:00,Wednesday,Dundas @ Broadview,Mechanical,6,12,E/B,4168
2016-03-30,501,11:44:00,Wednesday,Dundas at Jarvis,Held By,3,6,B/W,4244
2016-03-30,504,11:46:00,Wednesday,Dundas and Jarvis,Held By,63,67,B/W,4126
2016-03-30,501,12:26:00,Wednesday,Lakeshore at Brookers Lane,Held By,24,34,E/B,4157
2016-03-30,504,13:00:00,Wednesday,Roncesvalles/Howard Park,Investigation,4,8,W/B,4191
2016-03-30,512,15:02:00,Wednesday,St Clair at Russell Hill,Investigation,4,28,E/B,4136
2016-03-30,501,15:21:00,Wednesday,Queen at Connaught,Investigation,18,23,W/B,4061
2016-03-30,501,16:15:00,Wednesday,Queen at Carlaw,Mechanical,23,28,E/B,4190
2016-03-30,501,17:00:00,Wednesday,Humber to Neville Park,General Delay,5,10,B/W,4239
2016-03-30,504,18:44:00,Wednesday,King/Jameson,Investigation,43,47,E/B,4041
2016-03-30,504,20:00:00,Wednesday,King Spadina to Church,Diversion,25,29,B/W,4121
2016-03-30,501,20:27:00,Wednesday,MacDonnell and queen st west,Investigation,6,12,W/B,4169
2016-03-30,509,21:31:00,Wednesday,Fleet to Union,Mechanical,5,10,B/W,4052
2016-03-31,510,00:18:00,Thursday,queen/bathurst,Investigation,20,27,N/B,4412
2016-03-31,511,04:48:00,Thursday,Bathurst at Queen,Mechanical,18,0,S/B,4045
2016-03-31,501,04:54:00,Thursday,Queen at Connaught,Mechanical,5,10,E/B,4217
2016-03-31,512,05:03:00,Thursday,Roncesvalles Yard.,Late Leaving Garage,4,8,W/B,4059
2016-03-31,512,05:03:00,Thursday,Roncesavalles Yard.,Late Leaving Garage,4,8,E/B,4110
2016-03-31,501,05:04:00,Thursday,Roncesvalles Yard.,Late Leaving Garage,12,24,W/B,4039
2016-03-31,506,05:06:00,Thursday,Roncesvalles Yard,Late Leaving Garage,4,8,E/B,4198
2016-03-31,506,05:07:00,Thursday,Roncesvalles Yard.,Late Leaving Garage,5,10,E/B,4056
2016-03-31,504,05:09:00,Thursday,Roncesvalles Yard.,Late Leaving Garage,5,10,W/B,4154
2016-03-31,511,05:09:00,Thursday,Bathurst at Queen,Held By,9,18,N/B,4048
2016-03-31,501,05:10:00,Thursday,Ronc. Yard.,Late Leaving Garage,10,20,W/B,4149
2016-03-31,512,05:10:00,Thursday,Ronc. Yard.,Late Leaving Garage,3,6,E/B,4040
2016-03-31,512,05:12:00,Thursday,Ronc. Yard.,Late Leaving Garage,4,8,E/B,4170
2016-03-31,512,05:13:00,Thursday,Ronc. Yard.,Late Leaving Garage,3,6,W/B,4096
2016-03-31,504,05:15:00,Thursday,Ronc. Yard.,Late Leaving Garage,4,8,W/B,4023
2016-03-31,512,05:17:00,Thursday,Ronc. Yard.,Late Leaving Garage,3,6,E/B,4075
2016-03-31,512,05:18:00,Thursday,Ronc. Yard.,Late Leaving Garage,3,6,W/B,4183
2016-03-31,505,05:18:00,Thursday,Ronc. Carhouse.,Mechanical,4,28,E/B,4144
2016-03-31,504,05:19:00,Thursday,Ronc. Yard.,Late Leaving Garage,3,6,W/B,4073
2016-03-31,506,05:21:00,Thursday,Ronc. Yard.,Late Leaving Garage,4,7,E/B,4176
2016-03-31,505,05:22:00,Thursday,Ronc. Yard.,Late Leaving Garage,4,8,E/B,4088
2016-03-31,504,05:22:00,Thursday,Ronc. Yard.,Late Leaving Garage,3,6,W/B,4185
2016-03-31,512,05:23:00,Thursday,Ronc. Yard.,Late Leaving Garage,4,8,W/B,4179
2016-03-31,506,05:25:00,Thursday,Ronc. Yard.,Late Leaving Garage,4,7,E/B,4164
2016-03-31,501,05:26:00,Thursday,Ronc. Yard.,Late Leaving Garage,5,10,W/B,4215
2016-03-31,506,05:27:00,Thursday,Ronc. Yard.,Late Leaving Garage,4,7,E/B,4113
2016-03-31,512,05:29:00,Thursday,RONCESVALLES YARD,Late Leaving Garage,4,8,E/B,4017
2016-03-31,512,05:29:00,Thursday,Roncesvalles Yard,Late Leaving Garage,4,8,W/B,4047
2016-03-31,501,05:30:00,Thursday,Roncesvalles Yard,Late Leaving Garage,10,20,W/B,4111
2016-03-31,504,05:30:00,Thursday,Roncesvalles Yard,Late Leaving Garage,4,8,W/B,4172
2016-03-31,506,05:32:00,Thursday,Roncesvalles Yard,Late Leaving Garage,4,7,E/B,4147
2016-03-31,506,05:33:00,Thursday,Roncesvalles Yard,Late Leaving Garage,4,8,E/B,4177
2016-03-31,506,05:33:00,Thursday,Roncesvalles Yard,Late Leaving Garage,4,7,E/B,4079
2016-03-31,512,05:33:00,Thursday,Roncesvalles Yard,Late Leaving Garage,4,8,E/B,4080
2016-03-31,505,05:34:00,Thursday,Roncesvalles Yard,Late Leaving Garage,4,8,E/B,4057
2016-03-31,504,05:34:00,Thursday,Roncesvalles Yard,Late Leaving Garage,4,8,W/B,4163
2016-03-31,506,05:36:00,Thursday,Roncesvalles Yard,Late Leaving Garage,4,7,E/B,4064
2016-03-31,504,05:37:00,Thursday,Roncesvalles Yard,Late Leaving Garage,4,8,W/B,4015
2016-03-31,501,05:40:00,Thursday,Ronc. Yard.,Late Leaving Garage,5,10,W/B,4249
2016-03-31,504,05:40:00,Thursday,Roncesvalles Yard,Late Leaving Garage,4,8,W/B,4197
2016-03-31,512,05:41:00,Thursday,Roncesvalles Yard,Late Leaving Garage,4,8,W/B,4035
2016-03-31,504,05:44:00,Thursday,Roncesvalles Yard,Late Leaving Garage,4,8,W/B,4178
2016-03-31,512,05:44:00,Thursday,Roncesvalles Yard,Late Leaving Garage,4,8,E/B,4032
2016-03-31,506,05:45:00,Thursday,Coxwell at Gerrard,Held By,7,1,E/B,4191
2016-03-31,504,05:48:00,Thursday,Roncesvalles Yard,Late Leaving Garage,4,8,W/B,4132
2016-03-31,504,05:53:00,Thursday,Roncesvalles Yard,Late Leaving Garage,4,8,W/B,4058
2016-03-31,506,05:57:00,Thursday,Roncesvalles Yard,Late Leaving Garage,4,7,E/B,4044
2016-03-31,504,05:57:00,Thursday,Roncesvalles Yard,Late Leaving Garage,4,8,W/B,4108
2016-03-31,506,06:03:00,Thursday,Roncesvalles Yard,Late Leaving Garage,4,8,E/B,4128
2016-03-31,506,06:09:00,Thursday,Roncesvalles Yard,Late Leaving Garage,4,8,E/B,4112
2016-03-31,505,06:10:00,Thursday,Roncesvalles Yard,Late Leaving Garage,4,8,E/B,4081
2016-03-31,510,06:14:00,Thursday,Spadina @ King,Mechanical,4,7,W/B,4210
2016-03-31,504,06:17:00,Thursday,Roncesvalles Yard,Late Leaving Garage,4,8,W/B,4175
2016-03-31,506,06:17:00,Thursday,Roncesvalles Yard,Late Leaving Garage,4,7,E/B,4072
2016-03-31,504,06:20:00,Thursday,Roncesvalles Yard,Late Leaving Garage,4,8,W/B,4205
2016-03-31,501,06:29:00,Thursday,Ronc. Carhouse.,Mechanical,5,10,W/B,4204
2016-03-31,506,06:29:00,Thursday,Roncesvalles Yard,Late Leaving Garage,4,8,E/B,4161
2016-03-31,504,06:32:00,Thursday,Roncesvalles Yard,Late Leaving Garage,4,8,W/B,4236
2016-03-31,506,06:38:00,Thursday,College and Bathurst,Held By,258,264,W/B,4003
2016-03-31,504,06:41:00,Thursday,Roncy Yard,Mechanical,4,9,E/B,4010
2016-03-31,501,06:45:00,Thursday,Ronc. Carhouse.,Mechanical,5,10,W/B,4203
2016-03-31,501,06:50:00,Thursday,Queensway at Roncesvalles,Mechanical,6,11,E/B,4219
2016-03-31,503,07:00:00,Thursday,York and King,Investigation,12,24,E/B,8151
2016-03-31,504,07:00:00,Thursday,King St,General Delay,40,45,B/W,
2016-03-31,505,07:00:00,Thursday,High Park Loop - Broadview Stn,General Delay,15,10,B/W,
2016-03-31,506,07:01:00,Thursday,Roncesvalles Yard,Late Leaving Garage,4,7,E/B,4124
2016-03-31,511,07:20:00,Thursday,Bathurst and fleet,Mechanical,5,10,W/B,4195
2016-03-31,509,07:39:00,Thursday,Queensquay and Rees,Mechanical,53,59,E/B,4120
2016-03-31,504,07:48:00,Thursday,Roncy Yard,Mechanical,4,9,E/B,4193
2016-03-31,510,07:48:00,Thursday,Queens Quay @ Lower Simcoe,Held By,45,51,E/B,4402
2016-03-31,505,08:04:00,Thursday,Dundas @ Broadview,Mechanical,6,12,E/B,4143
2016-03-31,501,08:20:00,Thursday,lakeshore at Royal York,Mechanical,73,83,W/B,4117
2016-03-31,504,08:40:00,Thursday,Blue Jay Way and King,Mechanical,4,8,E/B,1658
2016-03-31,504,08:40:00,Thursday,Broadview Station,Mechanical,4,9,W/B,4145
2016-03-31,501,09:26:00,Thursday,Queen at Parliament,Emergency Services,6,12,W/B,4002
2016-03-31,501,10:14:00,Thursday,Queensway at Roncesvalles,Mechanical,5,10,E/B,4213
2016-03-31,510,10:30:00,Thursday,Queens Quay/Spadina Loop,Mechanical,4,8,S/B,4413
2016-03-31,511,11:55:00,Thursday,Carr and Bathurst,Mechanical,5,10,N/B,4060
2016-03-31,505,12:01:00,Thursday,Howard Park @ Roncesvalles,Mechanical,6,12,W/B,4137
2016-03-31,512,12:05:00,Thursday,Keele and St Clair,Investigation,10,15,W/B,4089
2016-03-31,505,12:15:00,Thursday,Dundas @ Broadview,Mechanical,6,12,W/B,4122
2016-03-31,501,12:19:00,Thursday,Queen at Woodbine,Mechanical,10,15,E/B,501
2016-03-31,506,12:58:00,Thursday,Coxwell and Gerrard,Mechanical,6,12,W/B,4157
2016-03-31,504,13:02:00,Thursday,Ronesvalles/Queen,Mechanical,4,8,E/B,4101
2016-03-31,504,13:14:00,Thursday,DW Stn,Mechanical,4,8,E/B,4071
2016-03-31,504,13:43:00,Thursday,Roncesvalles/Queen,Mechanical,4,8,W/B,4236
2016-03-31,501,13:58:00,Thursday,Humber to Long Branch,Mechanical,8,15,E/B,4111
2016-03-31,506,14:38:00,Thursday,Coxwell and Gerrard,Mechanical,3,6,W/B,4194
2016-03-31,504,15:14:00,Thursday,Broadview/Queen,Mechanical,4,8,W/B,
2016-03-31,504,15:35:00,Thursday,DW Stn,Mechanical,4,8,E/B,
2016-03-31,504,15:43:00,Thursday,DW stn,Mechanical,4,8,E/B,
2016-03-31,504,15:51:00,Thursday,DW stn,Mechanical,4,8,E/B,
2016-03-31,504,15:55:00,Thursday,DW Stn,Mechanical,4,8,E/B,
2016-03-31,504,16:08:00,Thursday,Broadview stn,Mechanical,66,70,W/B,4192
2016-03-31,511,16:10:00,Thursday,bathurst and fleet,General Delay,4,15,sb,4021
2016-03-31,504,16:12:00,Thursday,Broadview Stn,Mechanical,62,68,W/B,4042
2016-03-31,504,16:34:00,Thursday,Broadview/Queen,Mechanical,4,8,W/B,
2016-03-31,504,16:39:00,Thursday,Broadview/Queen,Mechanical,27,4,W/B,4218
2016-03-31,505,16:40:00,Thursday,mount stephane/broadview,Diversion,19,25,W/B,4068
2016-03-31,504,16:43:00,Thursday,Roncesvalles/Queen,Investigation,4,8,W/B,4082
2016-03-31,504,16:43:00,Thursday,Broadview/Queen,Mechanical,23,27,W/B,4193
2016-03-31,505,17:10:00,Thursday,broadview/dundas,Mechanical,6,12,E/B,4081
2016-03-31,501,17:38:00,Thursday,23rd Street,Mechanical,8,12,E/B,4080
2016-03-31,504,18:39:00,Thursday,King/Dowling,Mechanical,4,8,E/B,4220
2016-03-31,504,19:00:00,Thursday,King/Trinity,Mechanical,4,8,W/B,4121
2016-03-31,504,20:00:00,Thursday,King Spadina to Church,General Delay,25,31,,4102
2016-03-31,511,20:00:00,Thursday,Bathurst at Fleet Street,Investigation,19,25,S/B,4013
2016-03-31,511,23:50:00,Thursday,Bathurst Fleet,Mechanical,4,8,N/B,4130
2016-03-31,511,23:59:00,Thursday,Bathurst Dundas,Diversion,4,8,S/B,4139
2016-03-31,510,23:59:00,Thursday,sullivan/spadina,Investigation,27,34,S/B,4406
